AccessionId.Isolate,Gene,Local,Sierra,DRM,Sequence
EU908760.pt4W4,IN,DTG-15 EVG-30 RAL-15,DTG-0 EVG-0 RAL-0,"D718Q:CAA,G785E:GAA,L816I:ATA,S834R:AGA,T839N:AAT,T840A:GCA,M869L:CTA,V880I:ATA,K926R:AGA,Q967QH:CAN,D971E:GAA,R977E:GAG,R978K:AAA",TTTTTACAAGGAATAGATAAAGCCCAAGAAGAACATGAGAAATATCACAGTAATTGGAGAGCAATGGCTAGTGATTTTAACCTGCCACCTGTGGTAGCAAAAGAAATAGTAGCCAGCTGTGATAAATGTCAGCTAAAAGGAGAAGCCATGCATGGACAAGTAGACTGTAGTCCAGGAATATGGCAACTAGATTGCACACATTTAGAAGAAAAAATTATCCTGGTAGCAGTTCATGTAGCCAGTGGATATATAGAAGCAGAAGTTATCCCAGCAGAAACAGGGCAAGAAACAGCATACTTTATATTAAAATTAGCAGGAAGATGGCCAGTAAAAACAATACATACAGACAATGGCAGAAATTTCACAAGTAATGCAGTYAAGGCCGCCTGTTGGTGGGCGGGGATCAAGCAGGAATTTGGCATTCCCTACAATCCCCAAAGTCAAGGGGTAGTAGAATCTCTAAATAAGGAATTAAAGAAAATTATAGGGCAGATAAGAGATCAGGCTGAACATCTTAARACAGCAGTACAAATGGCAGTATTCATTCAYAATTTTAAAAGAAAAGGGGGGATTGGAGGGTACAGTGCAGGGGAAAGAATAGTAGACATAATAGCAACAGACATACAAACTAGAGAACTACAAAAACAAATTACAAAAATTCAAAATTTTCGGGTTTATTACAGGGACAGCAGAGATCCACTTTGGAAAGGACCAGCAAAGCTTCTCTGGAAAGGTGAAGGGGCAGTAGTAATACA~GATAATAGTGAAATAAAAGTAGTGCCAGAGAAA
.IN_1481,IN,DTG-15 EVG-40 RAL-190,DTG-5 EVG-20 RAL-70,"P745S:TCT,S754C:TGC,L760IL:MTA,M765I:ATA,I775V:GTA,I787V:GTT,L816I:ATC,S834T:ACC,T839A:GCY,Y858HRYC:YRC,E872Q:CAA,K875Q:CAA,V916I:ATA,I935V:GTT,D968E:GAG,N969G:GGY,S998G:GGT",TTTTTAGATGGAATAGATAAGGCCCAAGAAGARCATGAAAAATAYCATAGCAATTGGAGAGCAATGGCTAGTGATTTTAAYCTGCCATCTGTAGTAGCAAAAGAAATAGTAGCCTGCTGTGATAAATGYCAGMTAAAAGGAGAAGCCATACATGGACAAGTAGACTGTAGTCCAGGAGTATGGCAACTAGATTGTACACAYTTAGAAGGAAAAGTTATCCTGGTGGCAGTTCATGTAGCCAGTGGATATATAGAAGCAGAAGTTATCCCAGCAGARACAGGGCAGGAAACAGCATACTTTATCTTAAAATTAGCAGGAAGATGGCCAGTAAAAACAATACATACAGACAATGGCACCAAYTTYACCAGYGCYACAGTTAAGGCTGCCTGTTGGTGGGCGGGGATCAAGCAAGAATTTGGCATTCCCYRCAATCCCCAAAGTCAGGGAGTGGTAGAATCYATGAACAAGCAATTAAAGCAAATTATAGGACAGGTAAGAGATCAGGCTGAACATCTTAAGACAGCAGTACAAATGGCAGTATTCATCCACAATTTTAAAAGAAAAGGGGGGATTGGGGGGTACAGTGCAGGRGAGAGAATAATAGATATAATAGCAACAGACATACAAACTAAAGAATTACAAAAACAAATTACAAAAGTTCAAAATTTTCGGGTCTATTACAGGGACAGCAGAGATCCCCTTTGGAAAGGACCAGCAAAGCTCCTCTGGAAAGGTGAAGGGGCAGTAGTAATACAAGAGGGYAGTGACATAAAAGTAGTGCCAAGAAGAAAAGCAAARATCATTAGRGATTATGGAAAACAGATGGCAGGTGATGATTGTGTGGCAGGTAGACAGGATGAGGAT
.IN_1416,IN,DTG-85 EVG-135 RAL-135,DTG-75 EVG-120 RAL-120,"S732N:AAT,I787IV:RTT,K826KN:AAM,T827TI:AYA,T839A:GCT,T840A:GCA,V841VF:KTT,E853TA:RCA,G855SG:RGC,I856IV:RTT,Q863H:CAC,K871KN:AAW,G878Q:CAA,K926R:AGA",TTTTTAGATGGAATAGATAAGGCCCAAGAAGAACATGARAAATATCACAATAATTGGAGAGCAATGGCTAGTGATTTTAAYCTRCCACCTGTAGTAGCAAAAGAAATAGTAGCCAGCTGTGATAAATGTCAGCTAAAAGGAGAAGCCATGCATGGACAAGTAGACTGTAGTCCAGGAATATGGCAACTAGAYTGTACACATTTAGAAGGRAAARTTATCCTGGTAGCAGTTCATGTAGCCAGTGGATATATAGAAGCAGAAGTTATTCCAGCAGAAACAGGRCAGGAAACAGCATAYTTTCTCTTAAAATTAGCAGGAAGRTGGCCAGTAAAMAYAATACATACAGACAATGGTAGCAATTTCACCAGTGCTGCAKTTAAGGCCGCCTGTTGGTGGGCGGGGATCAAGCAGRCATTTRGCRTTCCCTACAATCCCCAAAGTCACGGAGTAGTAGAATCTATGAATAAWGAATTAAAGAAAATTATACAACAGGTAAGAGATCAGGCTGAACATCTTAAAACAGCAGTACAAATGGCAGTATTCATCCACAATTTTAAAAGAAAAGGGGGGATTGGGGGGTACAGTGCAGGGGAAAGAATAGTGGACATAATAGCAACAGACATACAAACAAGAGAACTACAAAAACAAATTACAAAAATTCAAAATTTTCGGGTTTATTACAGGGACAGCAGAGATCCACTTTGGAAAGGACCAGCAAAGCTTCTCTGGAAAGGTGAAGGGGCAGTAGTAATACAAGATAATAGTGACATAAAAGTRGTGCCAAGAAGAAAAGCAAAGATCATTAGGGATTATGGAAAACAGATGGCAGGTGATGATTGTGTGGCAAGTAGACAGGATGAGGAT
LC101090.VI-234,IN,EVG-30 RAL-30,EVG-15 RAL-15,"K729R:AGA,A736T:ACA,V746I:ATA,S754NS:ARC,I787V:GTC,T827V:GTA,T839N:AAT,T840A:GCA,G849N:AAT,I850V:GTC,K851Q:CAA,G878KREG:RRG,V880IV:RTM,D882E:GAG,V916I:ATA,L949I:ATT,D971E:GAR,S998G:GGT",TTTTTAGATGGGATAGAYAAGGCTCAAGAAGAACATGAAAGATATCACAGCAATTGGAGAACAATGGCTAGTGATTTTAATTTGCCACCTATAGTAGCAAAGGAAATAGTAGCCARCTGTGATAAATGTCAACTAAAAGGGGAAGCTATGCATGGACAAGTGGACTGTAGTCCAGGAATATGGCAATTAGATTGYACACATCTAGAAGGAAAAGTCATCCTGGTAGCAGTCCACGTGGCCAGTGGATAYATAGAAGCAGAAGTTATCCCAGCAGAAACAGGACAGGARACAGCATACTTTCTGCTAAAATTAGCAGGAAGATGGCCAGTRAAAGTAATACACACAGACAACGGTAGCAATTTCACCAGCAATGCAGTTAAAGCAGCCTGTTGGTGGGCCAATGTCCAACAGGAATTTGGGATCCCCTACAATCCCCAAAGYCAAGGAGTAGTAGAATCYATGAATAAAGAATTAAAGAAAATCATARRGCAGRTMAGAGAGCAAGCTGAACACCTTAAGACAGCAGTRCAAATGGCAGTATTCATTCACAATTTTAAAAGAAAAGGGGGGATTGGGGGGTACAGTGCAGGGGAAAGAATAATAGACATAATAGCAACAGACATACAAACTAAAGAAYTACAAAAACAAATTACAAAAATTCAAAATTTTCGGGTTTATTACAGGGACAGCAGAGACCCAATTTGGAAAGGACCAGCAAAACTACTCTGGAAAGGTGAAGGGGCAGTAGTGATACAAGACAATAGTGARATAAAAGTAGTACCAAGAAGAAAAGCAAAGATCATTAGGGATTATGGAAAACAGATGGCAGGTGATGATTGTGTGGCAGGTAGACAGGATGAGGAT
KT747250.RenG16222,RT,ABC-45 AZT-115 D4T-120 DDI-75 TDF-20,ABC-35 AZT-75 D4T-80 DDI-55 TDF-10,"K225KR:ARA,V230M:ATG,K256KN:AAM,K258N:AAC,K277E:GAA,D278E:GAA,I290T:ACA,Q329H:CAT,D332E:GAA,I333M:ATG,M339V:GTG,T355TA:RCA,R366KR:ARG,T370NTYS:WMC,P380H:CAT,L383RL:CKT,V400K:AAG",TGTACAGAAATGGAAAAGGAAGGAAAAATTTCAAAAATTGGGCCTGAAAATCCATACAATACWCCAGTATTTGCCATAAAGAAAAAGGACAGTACTARATGGAGGAAGTTAATGGATTTCAGAGAACTTAATAAAAGAACTCAAGATTTCTGGGAAGTTCAATTAGGAATACCACATCCCGCAGGGTTAAAMAAGAACAAATCAGTAACAGTACTAGATGTGGGTGATGCATATTTTTCAGTTCCCTTAGATGAAGAATTCAGGAAGTACACTGCATTTACCATACCTAGTACAAACAATGAGACACCAGGGATTAGATATCAGTACAATGTGCTTCCACAGGGATGGAAAGGATCACCAGCAATATTYCAAAGTAGCATGACAAAAATCTTAGAGCCTTTTAGAAAACATAATCCAGAAATGGTTATCTATCAATACGTGGATGATTTGTATGTAGGATCTGACTTAGAAATAGGGCAGCATAGARCAAAAATAGAGGAGCTAAGACAACATCTGTTGARGTGGGGATTYWMCACACCAGACAAAAAACATCAGAAAGAACATCCATTCCKTTGGATGGGGTATGAACTCCATCCTGATAAATGGACAGTACAGCCTATAAAGCTGCCA
KT742093.RenG11065,RT,EFV-215 NVP-270,EFV-155 NVP-210,"M196L:TTG,K198E:GAG,E199D:GAC,K204R:AGA,L229I:ATA,K258NH:MAT,V261I:ATA,V263I:ATA,V273I:ATT,I290V:GTC,K328A:GCA,Q329K:AAA,Y336C:TGC,M339V:GTG,G345A:GCG,T355A:GCA,E358D:GAT,Q362E:GAA,L365W:TGG,R366K:AAA,T370Y:TAT,H376Y:TAT,L383R:CGT,V400Q:CAA",TGTACAGAATTGGAAGAGGACGGAAAAATTTCAAGAATTGGGCCTGAAAATCCATACAATACTCCAGTATTTGCCATAAAGAAAAAAGACAGTACTAAATGGAGAAAAATAGTAGATTTCAGAGAACTTAATAAGAGAACTCAAGACTTCTGGGAAGTTCAATTAGGAATACCACATCCTGCAGGGTTAAAAAAGMATAAGTCAATAACAATACTGGATGTGGGAGATGCATATTTTTCAATTCCCTTAGATAAGGATTTCAGGAAGTACACTGCATTCACCATACCTAGTGTCAACAATGAGACACCAGGAATYAGGTACCAGTACAATGTGCTTCCGCAAGGGTGGAAAGGGTCACCAGCAATATTCCAAAGTAGCATGACAAAAATCTTAGAGCCTTTTAGAGCAAAAAATCCAGACATAGTTATCTGCCAATAYGTGGATGACCTGTATGTAGCGTCTGACTTGGAAATAGGGCAGCACAGAGCAAAAATMGATGAGTTAAGAGAACATCTGTGGAAATGGGGATTTTATACACCAGACAAAAAATATCAAAAAGAACCCCCATTTCGTTGGATGGGGTATGAACTCCATCCTGATAAATGGACAGTGCAGCCTATACAATTGCCA
0.1822,RT,ABC-70 AZT-180 D4T-165 DDI-90 TDF-70,ABC-60 AZT-140 D4T-125 DDI-75 TDF-60,"D222N:AAC,K225R:AGA,A253G:GGA,K277E:GAA,Y336C:TGT,G345AG:GSA,I357V:GTA,L365WL:TKG,R366K:AAG,F369LF:YTT,T370YF:TWC,K374E:GAA,A427P:CCA,P449A:GCG,R511K:AAA,T524V:GTA,A531T:ACC,K545R:AGA,A555T:ACA,D615N:AAC",CCCATTAGTCCTATTGAAACRGTACCAGTAAAATTAAAGCCAGGAATGGATGGCCCAAAAGTTAAACAATGGCCACTGACAGAAGAAAAAATAAAAGCATTAGTAGAAATTTGCACAGAAATGGAAAAGGAAGGGAAAATTTCAAAAATTGGGCCTGAAAATCCATACAATACYCCAGTATTTGCCATAAAGAAGAAAAACAGTACTAGATGGAGAAAATTAGTAGATTTCAGAGAACTTAATAAGAGGACTCAAGACTTCTGGGAAGTTCAATTAGGAATACCACATCCCGGAGGGTTAAAAAAGAAAAAATCAGTAACAGTACTGGATGTGGGTGATGCATATTTTTCAGTTCCCTTAGATGAAGACTTCAGGAAGTATACTGCATTTACCATACCTAGTATAAACAATGAGACACCAGGGATTAGATATCAATATAATGTGCTTCCACAGGGATGGAAAGGATCACCAGCAATATTCCAAAGCAGCATGACAAAAATCTTAGAGCCTTTTAGAAAACAAAATCCAGACATAGTTATCTGTCAATACATGGATGATTTGTATGTAGSATCTGACTTAGAAATAGGACAGCATAGAACAAAAGTAGAGGAACTGAGACAACATCTGTKGAAGTGGGGAYTTTWCACACCAGACGAAAAACATCAGAAAGAACCTCCATTCCTTTGGATGGGTTATGAACTCCATCCTGATAAATGGACAGTACAGCCTATAGTACTGCCAGAAAAAGACAGCTGGACTGTCAATGACATACAGAAGTTAGTGGGAAAATTGAATTGGGCAAGTCAGATTTACCCAGGGATTAAAGTAAAGCAATTATGTAAACTCCTTAGGGGAACCAAAGCACTAACAGAAGTAATAGCGCTAACAGAAGAAGCAGAGCTAGAACTGGCAGAAAACAGGGAGATTCTAAAAGAACCAGTACATGGAGTGTATTATGACCCATCAAAAGACCTAATAGCAGAAATACAGAAGCAGGGGCAAGGCCAATGGACATATCAAATTTATCAAGAGCCATTTAAAAACCTGAAAACAGGAAAATATGCAAAAATGAGGGGTGCCCACACTAATGATGTAAAACAATTAGTAGAGGCAGTGCAAAAAATAACCACAGAAAGCATAGTAATATGGGGAAAGACTCCTAAATTTAGACTACCCATACAAAAAGAAACATGGGAAACATGGTGGACAGAGTATTGGCAAGCCACCTGGATTCCTGAGTGGGAGTTTGTCAATACCCCTCCCTTAGTGAAATTATGGTACCAGTTAGAAAAAGAACCCATAGTAGGAGCAGAAACATTCTATGTAGATGGGGCAGCTAACAGAGAGACTAAATTAGGAAAAGCAGGATATGTTACTAACAGAGGAAGACAAAAGGTTGTCTCCCTAACGGACACAACAAATCAGAAGACTGAGTTACAAGCAATTCATCTAGCTTTRCAGGAT
EF583232.602331,RT,ABC-85 AZT-155 D4T-155 DDI-100 TDF-80,ABC-65 AZT-105 D4T-105 DDI-70 TDF-60,"K175R:AGA,M196L:CTG,K198E:GAG,E199A:GCA,V215I:ATA,S223G:GGT,A253G:GGA,V273I:ATT,K321R:AGA,L365W:TGG,R366K:AAA,F369LF:TTK,T370DGYC:KRC,K432R:AGG,T441A:GCC,E452R:AGA,K466R:AGA,E467Q:CAA,I481V:GTA",CCCATTAGTCCTATTGAAACTGTACCAGTAAAATTAAAGCCAGGAATGGATGGCCCAAGAGTTAAACAATGGCCTTTGACAGAAGAAAAAATAAAAGCATTAGTAGAAATTTGTACAGAACTGGAAGAGGCAGGGAAAATCTCAAAAATTGGGCCTGAAAATCCATACAATACTCCAATATTTGCCATAAAGAAAAAGGACGGTACTAAATGGAGAAAATTAGTAGATTTCAGAGAACTTAATAAGAGAACTCAAGACTTCTGGGAAGTTCAATTAGGAATACCACATCCCGGAGGACTAAAAAAGAAAAAGTCAGTAACAGTACTGGATGTGGGTGATGCATACTTTTCAATTCCCTTAGATAAAGACTTCAGGAAGTATACTGCATTTACCATTCCTAGTATAAACAATGAGACACCAGGGATTAGATATCAGTACAATGTGCTTCCACAGGGATGGAAAGGGTCACCAGCAATATTCCAAAGTAGCATGACAAGAATCTTAGAGCCTTTTAGAAAACAAAATCCAGACATAGTCATCTATCAATACATGGATGATTTGTATGTAGGATCTGACTTAGAAATAGGGCAGCATAGAACAAAAATAGAGGAACTGAGACAACATCTATGGAAATGGGGATTKKRCACACCAGACAAAAAGCATCAGAAAGAACCTCCATTCCTTTGGATGGGGTATGAACTCCATCCTGACAAATGGACAGTACAGCCTATAGTACTGCCAGAAAAAGATAGTTGGACTGTCAATGACATACAGAAGTTAGTGGGAAAATTGAATTGGGCAAGTCAGATTTATGCAGGGATTAAAGTAAGGCAGTTATGTAAACTCCTTAGGGGAGCCAAAGCACTAACAGAAGTAATACCACTAACAAGAGAAGCAGAGTTAGAACTGGCAGAAAACAGGGAGATTCTAAGACAACCAGTACATGGAGTGTACTATGACCCATCAAAAGACTTAGTAGCAGAAATACAGAAGCAGGGGCAAGGC
KT743290.RenG12262,RT,ABC-35 AZT-70 D4T-70 DDI-45 TDF-10,ABC-25 AZT-30 D4T-30 DDI-25 TDF-0,"K187R:AGA,K257H:CAY,K258N:AAC,D278E:GAA,I290L:TTA,I297V:GTT,S317Y:TAT,E324D:GAT,D332E:GAA,M339V:GTG,T355A:GCA,T370NTYS:WMC,P380H:CAT,A427P:CCA,K436R:AGA,I448V:GTA,E452K:AAA,G488E:GAG,Q489H:CAT",CCCATTAGTCCTATTGAAACTGTACCAGTAAAATTAAAGCCAGGAATGGATGGCCCGAAGGTTAAACAATGGCCATTGACAGAAGAAAAAATAAGAGCATTAGTAGAAATTTGTACAGAAATGGAAAAGGAAGGAAAAATTTCAAAAATTGGGCCTGAAAATCCATACAATACTCCAGTATTCGCCATAAAGAAAAAAGACAGTACTAAATGGAGGAAATTAGTAGATTTCAGAGAACTTAATAAGAGAACTCAGGACTTCTGGGAAGTTCAATTAGGAATACCACATCCTGCAGGGTTGAAACAYAACAAATCAGTAACAGTATTGGATGTGGGTGATGCATATTTTTCAGTTCCTTTAGATAAAGAATTCAGGAAGTATACTGCATTTACCATACCCAGTTTAAACAATGAGACACCAGGGGTTAGATATCAGTACAATGTGCTTCCACAGGGATGGAAGGGATCACCAGCAATATTCCAATATAGCATGACAAAAATCTTAGATCCTTTTAGAAAACAAAATCCAGAAATAGTTATCTATCAATACGTGGATGATTTGTATGTAGGATCTGACTTAGAGATAGGGCAACATAGAGCAAAAATAGAGGAACTGAGACAACATCTGTTGAGGTGGGGATTTWMCACACCAGACAAAAAACATCAGAAAGAACATCCATTCCTTTGGATGGGTTATGAACTCCATCCTGATAAATGGACAGTACAGCCTATAGTACTGCCAGAAAAAGACAGCTGGACTGTCAATGACATACAGAAGTTAGTGGGAAAATTGAATTGGGCAAGTCAGATTTATCCAGGGATTAAGGTAAAGCAATTATGTAGACTCCTGAGAGGAACCAAAGCACTAACAGAAGTAGTACCACTAACAAAAGAAGCAGAACTAGAACTGGCAGAAAACAGGGAGATTCTAAAAGAACCAGTACATGGAGTRTATTATGACCCATCAAAAGACTTAATAGCGGAAATACAGAAGCAGGAGCATGGC
DQ878022.3114-30408,RT,ABC-150 AZT-150 D4T-170 DDI-185 TDF-75,ABC-135 AZT-120 D4T-140 DDI-165 TDF-60,"K166T:ACA,V190EVL*:KWA,T194A:GCA,E195F:TTT,M196L:CTR,K198E:GAG,D222G:GGG,S223G:GGT,L229V:GTA,V230M:ATG,L255I:ATA,K258N:AAC,V273I:ATT,K277E:GAA,D278N:AAT,I297T:ACT,M339V:GTG,T355A:GCA,Q362K:AAA,H363HY:YAT,L365W:TGG,R366A:GCA,T370DY:KAC,D373E:GAR,K374D:GAC,L383R:CGT,R439K:AAA,A443S:TCA,E467EA:GMA,V472A:GCR,I484L:TTA,Q489QL:CWA,M512V:GTG,V520I:ATA,K545R:AGA,K550KR:ARG,E554D:GAT,A555T:ACA",CCCATAAGTCCTATTGAAACTGTACCAGTAACATTAAAGCCAGGAATGGATGGCCCAAAAGTTAAACAATGGCCATTGACAGAAGAAAAAATAAAAGCATTAKWAGAAATTTGTGCATTTCTRGAAGAGGAAGGAAAAATTTCAAAAATTGGGCCTGAAAATCCATACAATACTCCAGTGTTTGCCATAAAGAAAAAAGGGGGTACTAAATGGAGAAAAGTAATGGATTTCAGAGAACTGAATAAAAGAACTCAAGACTTCTGGGAAGTTCAATTAGGAATACCACATCCAGCAGGGATAAAAAAGAACAAATCAGTAACAGTCCTGGATGTGGGTGATGCATATTTTTCAATTCCCTTAGATGAAAATTTCAGAAAGTATACTGCATTTACCATACCTAGTATAAACAAYGAGACACCAGGGACTAGATATCAGTACAATGTGCTTCCRCAAGGATGGAAAGGATCACCAGCAATATTCCAAAGTAGCATGACAAAAATYTTAGAGCCTTTTAGAAAACAAAATCCAGACATAGTTATCTATCAATATGTGGATGATTTGTATGTAGGATCAGACTTAGAGATTGGGCAGCATAGAGCAAAAATAGAGGAACTGAGAAAAYATCTGTGGGCATGGGGATTTKACACACCAGARGACAAACATCAGAAAGAACCTCCATTCCGTTGGATGGGTTATGAACTCCATCCTGATAAATGGACAGTACAGCCTATAGTGCTGCCAGAAAAAGACAGCTGGACTGTCAATGACATACAGAAGTTAGTGGGAAAATTGAATTGGGCAAGTCAGATTTATGCAGGGATTAAAGTAAAGCAATTGTGTAAGCTTCTTAAAGGAACCAAATCACTAACAGAAGTAATACCACTAACAGAAGAAGCAGAATTAGAACTAGCAGAAAACAGGGAGATTCTAAAAGMACCAGTACATGGAGCRTATTATGACCCATCAAAAGACTTAATAGCAGAATTACAGAAACAGGGGCWAGGCCAATGGACATATCAAATTTATCAAGAGCCATTTAAAAATCTGAAAACAGGAAAGTATGCAAGAGTGAGGGGTGCCCACACTAATGATATAAAACAATTAACAGAGGCAGTACAAAAAATAGCCACAGAAAGCATAGTAATATGGGGAAAGACTCCTAAATTTAGATTACCCATACAAARGGAAACATGGGATACA
KT748350.RenG17322,RT,ABC-185 AZT-190 D4T-210 DDI-200 TDF-90,ABC-145 AZT-135 D4T-155 DDI-180 TDF-70,"T194A:GCA,M196L:TTG,D222KNTRSIMQHPLEDAGVYCWF*:NNN,T224G:GGT,K225R:AGA,L229I:ATA,V230S:TCA,K256Q:CAA,D276H:CAT,K277E:GAA,T294AS:KCA,I322V:GTC,D332E:GAA,V334I:ATT,M339V:GTG,G345C:TGC,R366K:AAA,T370F:TTC,K374E:GAA,L383H:CAY,V400M:ATG",TGTGCAGAATTGGAAAAGGAAGGAAAAATTTCAAARATTGGGCCTGAAAATCCATACAATACTCCAGTATTTGCCATAAAGAAAAAA~~~AGCGGTAGATGGAGAAAAATATCAGATTTTAGAGAACTTAATAAAAGAACTCAAGACTTCTGGGAAGTTCAATTAGGAATACCACATCCCGCAGGGTTACAAAAGAAAAARTCAGTAACAGTSCTGGATGTGGGTGATGCATATTTTTCAGTGCCCTTACATGAAGACTTCAGGAAGTATACTGCATTTACCATACCTAGCATAAACAATGAGKCACCAGGGATTAGATATCAGTAYAATGTGCTTCCACAAGGATGGAAAGGATCACCAGCAATATTCCARAGTAGCATGACAAAAGTCTTGGAGCCTTTTAGAAAACAAAATCCAGAAATAATTATCTATCAATACGTGGATGATTTGTATGTATGCTCTGACTTAGAAATAGGGCAGCACAGAACAAAAATAGAGGAACTAAGACAACATTTGCTGAAATGGGGATTTTTCACACCAGACGAAAAACATCAGAAAGAACCTCCATTCCAYTGGATGGGTTATGAACTCCATCCTGATAAATGGACAGTACAGCCTATAATGCTGCCA
JN670057.163239,RT,ABC-90 DDI-155,ABC-60 DDI-95,"M196L:CTR,L229IV:RTA,K256E:GAA,K257R:AGG,K277E:GAA,I290T:ACA,Y336I:ATT,T355A:GCA,T370Y:TAC,P380TP:MCT,V400M:ATG,A427P:CCA,I448V:GTA,A531S:TCC,T541I:ATT,K545R:AGA,A555T:ACA",CCTATTAGTCCTATTGAAACTGTACCRGTAAAATTAAAGCCAGGAATGGATGGCCCAAAAGTTAAACAATGGCCATTRACAGAAGAAAAAATAAAAGCATTAGTAGAAATTTGTACAGAACTRGAGAAGGAAGGAAAAATTTCGAAAATTGGGCCTGAAAACCCATACAATACTCCAGTATTTGCCATAAAGAAAAAAGACAGTACTAAATGGAGAAAARTAGTAGATTTCAGAGAACTTAATAAGAGAACTCAAGACTTCTGGGAAGTGCAATTAGGAATACCACATCCCGCAGGGTTAGAAAGGAAAAAATCAGTAACAGTACTGGATGTGGGTGATGCATATTTTTCAGTTCCCTTAGATGAAGATTTTAGGAAGTATACTGCATTCACCATACCTAGTACAAATAATGAGACACCAGGGATTAGATATCAGTACAATGTGCTTCCACARGGATGGAAAGGATCACCAGCAATATTCCAAAGTAGCATGACAAAAATCTTAGAGCCTTTTAGAAAACAAAATCCAGACATAGTTATCATTCAATACATGGATGATTTGTATGTAGGATCTGACTTAGAAATAGGGCAACATAGAGCAAAAATAGAGGAACTGAGACAACATCTGTTAAGGTGGGGGTTTTACACACCAGACAAAAAACATCAGAAAGAAMCTCCATTCCTTTGGATGGGTTATGAACTCCATCCTGATAAATGGACAGTACAGCCTATAATGCTGCCAGAAAAAGACAGCTGGACTGTCAATGACATACAGAAATTAGTGGGAAAATTAAATTGGGCAAGTCAGATTTATCCAGGAATTAAAGTAAAGCAATTATGTAAACTCCTTAGGGGAACCAAAGCRCTAACGGAAGTAGTACCACTAACAGAAGAAGCAGARCTAGAACTRGCAGAAAACAGGGAGATCCTAAAAGAACCAGTACATGGAGTGTATTATGACCCATCAAAAGACTTAATAGCAGAAATACAGAAGCAGGGGCAAGGCCARTGGACATATCAAATTTATCAAGAGCCATTTAAAAATCTGAAAACAGGAAAGTATGCAAGAATGAGGGGTGCCCACACTAATGATGTAAAACAATTAACAGAGGCAGTGCAAAAAATATCCACAGAAAGCATAGTAATATGGGGAAAGATTCCTAAATTTAGATTACCCATACAAAAAGAAACATGGGAAACA
.079-004-012,RT,ABC-90 AZT-75 D4T-90 DDI-115 FTC-75 LMV-75 TDF-25,ABC-110 AZT-70 D4T-130 DDI-135 FTC-105 LMV-105 TDF-50,"V190T:ACA,E191K:AAA,T194E:GAA,K220Q:CAA,S223KNTRSIMQHPLEDAGVYCWF*:NNN,T224KNTRSIMQHPLEDAGVYCWF*:NNN,V245I:ATT,A253S:TCA,V263I:ATA,K277E:GAA,D278N:AAC,I287L:CTA,I297V:GTC,Q306M:ATG,K328A:GCA,Q329K:AAA,D332E:GAA,I333M:ATG,Y336C:TGT,M339I:ATA,T355I:ATA,I357V:GTA,Q362A:GCT,R366S:AGC,F369L:CTT,K374R:AGA,V400E:GAA",AAAGTTAAACAGTGGCCATTGACAGAAGAAAAGATAAAAGCATTAACAAAAATTTGTGAAGAGATGGAAAAGGAAGGAAAAATTTCAAAAATTGGGCCTGAAAATCCATACAATACTCCAGTATTTGCTATAAAGCAAAAGGAC~~~~~~AAATGGAGGAAATTAGTAGATTTCAGAGAGCTCAATAAAAGAACTCAGGACTTTTGGGAAATTCAATTAGGAATACCACATCCATCAGGTTTAAAAAAGAAAAAATCAGTAACAATACTAGATGTGGGAGATGCATATTTTTCAGTTCCTTTAGATGAAAACTTTAGAAAGTATACTGCATTCACCCTACCTAGTATAAACAATGAGACACCAGGAGTCAGATATCAGTACAATGTACTGCCCATGGGATGGAAAGGATCGCCAGCAATATTCCAGAGTAGCATGACAAAAATCTTAGAGCCCTTTAGAGCAAAAAATCCAGAAATGGTTATCTGTCAATACATAGATGACTTGTATGTAGGATCTGATTTAGAAATAGGACAGCACAGAATAAAAGTAGAAGAGCTCAGAGCTCATCTATTGAGCTGGGGACTTACTACACCAGACAGAAAGCATCAGAAGGAACCTCCATTTCTTTGGATGGGATATGAACTCCATCCCGACAAATGGACAGTCCAGCCTATAGAACTGCCAGAAAAAGACAGCTGGACTGTCAATGATATACAGAAATTAGTGGGGAAA
KC220929.34111,RT,EFV-115 NVP-135,EFV-70 NVP-75,"M196L:TTG,V230L:YTA,K258NS:ARC,V263IV:RTA,K277E:GAA,I290T:ACA,P325PS:YCT,M339V:GTG,D347ND:RAC,L365W:TGG,R366K:AAG,T370Y:TAC",GAATTGGAAAAAGAAGGGAAAATTTCAAAAATTGGGCCTGAAAATCCATACAATACTCCAGTATTTGCCATAAAGAAAAAAGACAGTACTAAATGGAGAAAATTAYTAGATTTCAGAGAACTTAATAAGAGAACTCAAGACTTCTGGGAAGTCCAATTAGGAATACCACATCCTGCAGGATTAAAAAAGARCAAATCAGTAACARTACTGGATGTGGGTGATGCATATTTTTCAGTTCCCCTAGATGAAGACTTCAGGAAGTATACTGCATTTACCATACCTAGTACAAACAATGAGACACCAGGGATTAGATATCAGTACAATGTGCTTCCACAGGGATGGAAAGGATCACCAGCAATATTCCAAAGTAGCATGACAAAAATCTTAGAGYCTTTTAGAAAACAAAATCCAGACATAGTTATCTATCAATACGTGGATGATTTGTATGTAGGATCTRACTTAGAAATAGGGCAACATAGAACAAAAATAGAGGAACTAAGACAGCATCTGTGGAAGTGGGGATTTTACACACCAGACAAGAAACATCAGAAAGAACCCCCATTCCTTTGGATGGGTTATGAACTCCATCCTGATAAA
AY802510.CA39003,RT,EFV-165 NVP-210,EFV-120 NVP-150,"V215I:ATA,D222N:AAC,T224D:GAT,K225R:AGA,R238K:AAA,K256KE:RAA,K258KNRS:ARM,D278E:GAA,E293EA:GMG,T320IL:WTA,M339V:GTG,G345AG:GSA,G351E:GAG,T355I:ATA,R366K:AAG,K374Q:CAG,D392E:GAG",CCCATTAGTCCTATTGAAACTGTGCCAGTAAAATTAAAGCCAGGAATGGATGGCCCAAAAGTTAAACAATGGCCATTGACAGAAGAAAAAATAAAAGCATTAGTAGAAATTTGTACAGAAATGGAAAAGGAAGGAAAGATTTCAAAAATTGGGCCTGAAAATCCATACAATACTCCAATATTTGCCATAAAGAAAAAGAACAGTGATAGATGGAGAAAATTAGTAGATTTCAGAGAACTTAACAAGAAAACTCAAGACTTCTGGGAAGTTCAATTAGGAATACCACATCCCGCAGGRTTARAAAAGARMAAATCAGTAACAGTACTRGATGTGGGTGATGCATATTTTTCAGTTCCTTTAGATAAAGAATTCAGGAAGTATACTGCATTTACYATACCTAGTATAAACAATGMGACACCAGGGATTAGATATCAGTACAATGTGCTTCCACAGGGATGGAAAGGATCACCAGCAATATTCCAAAGTAGCATGWTAAAAATCTTAGAGCCTTTTAGAAAACAAAATCCAGACATAGTTATCTATCAATACGTGGATGATTTGTAYGTAGSATCTGACTTAGAAATAGAGCAGCATAGAATAAAAATAGAGGAACTGAGACAACATCTGTTGAAGTGGGGGTTYACCACACCAGACCAGAAACATCAGAAAGAACCTCCATTCCTTTGGATGGGTTATGAACTCCATCCTGAGAAATGGACAGTACAGCCTATAGTGTTGCCAGAAAAAGACAGCTGGACTGTCAATGACATACAGAAGTTAGTGGGAAAATTAAATTGGGCAAGT
HQ994770.CP076301028,RT,ABC-35 AZT-70 D4T-70 DDI-40 TDF-10,ABC-25 AZT-30 D4T-30 DDI-25 TDF-0,"V190T:ACA,E191A:GCA,T194E:GAA,S203T:ACA,A253AG:GSA,K258N:AAC,K277E:GAA,D278S:AGC,K328A:GCA,D332E:GAA,M339V:GTG,G345A:GCA,S346SF:TYT,T355A:GCA,Q362R:AGG,R366K:AAG,T370YF:TWC,V400Q:CAG,A427P:CCA,K432R:AGG,E446D:GAC,V447I:ATA,I448V:GTA,L450M:ATG",CCAATTAGTCCCATTGAAACTGTACCAGTAAAATTAAAGCCAGGAATGGATGGCCCAAAGGTTAAACAATGGCCATTGACAGAAGARAAAATAAAAGCATTAACAGCAATTTGTGAAGAAATGGAGAAGGAAGGAAAAATTACAAAAATTGGGCCTGAAAATCCATATAACACTCCAGTATTTGCCATAAAAAAGAAGGACAGTACTAAGTGGAGAAAATTAGTAGATTTCAGGGAGCTCAATAAAAGAACTCAGGATTTCTGGGAAGTTCARTTAGGAATACCACACCCAGSAGGGTTRAAAAAGAACAAATCAGTGACAGTACTGGATGTGGGGGATGCATATTTTTCAGTTCCTTTAGATGAAAGCTTCAGGAAATATACTGCATTCACTATACCTAGTATAAACAATGAAACACCAGGAATTAGATATCAATATAATGTGCTGCCACAGGGATGGAAAGGATCACCAGCAATATTCCAGAGTAGCATGACAAAAATTTTAGAGCCCTTTAGAGCACAAAATCCAGAAATAGTCATCTATCAGTATGTGGATGACTTGTATGTAGCATYTGACTTAGAAATAGGGCAGCATAGAGCAAAAATAGAGGAGTTAAGAAGGCATCTATTGAAGTGGGGATTTTWCACACCAGACAAGAAGCATCAGAAAGAACCCCCATTTCTTTGGATGGGGTATGAACTCCATCCTGACAAATGGACAGTACAGCCTATACAGTTGCCAGAAAAGGACAGCTGGACTGTCAATGATATACAGAAGTTAGTGGGAAAATTAAATTGGGCAAGTCAGATTTACCCAGGGATTAAGGTAAGGCAACTTTGTAAACTCCTTAGGGGGACCAAAGCATTAACAGACATAGTACCAATGACTGAAGAAGCAGAATTAGAATTGGCAGAGAACAGG
.TJC2381559,RT,EFV-160 NVP-195,EFV-130 NVP-135,"P159S:TCT,V190T:ACA,E191A:GCA,T194E:GAA,S203T:ACA,K258N:AAC,V263IV:RTA,K277E:GAG,D278E:GAA,S317A:GCT,K328T:ACA,M339V:GTG,Y343HL:CWT,G351RG:RGG,Q352E:GAA,T355A:GCA,Q362E:GAA,R366K:AAA,V400Q:CAG,A427P:CCA,K432R:AGA,L438I:ATT,E446D:GAC,V447I:ATA,I448V:GTG,E463K:AAA,I464V:GTA,L465C:TGC",CCAATCAGTTCTATTGAAACTGTACCAGTAAAATTAAAGCCAGGAATGGATGGCCCAAAAGTTAAACAATGGCCATTGACAGAGGAGAAAATAAAAGCATTAACAGCAATTTGTGAAGAAATGGAAAAGGAAGGAAAAATCACAAAAATTGGGCCTGAAAATCCATATAACACTCCAGTATTTGCTATAAAAAAGAAAGACAGTACTAAGTGGAGAAAATTAGTAGATTTCAGGGAACTCAATAAGAGAACTCAAGACTTTTGGGAAGTTCAATTAGGAATACCACACCCAGCAGGGTTAAAAAAGAACAAATCAGTGACARTACTGGATGTGGGGGATGCATATTTTTCAGTTCCTTTAGATGAGGAATTCAGGAAATACACTGCATTCACCATACCTAGTATAAACAATGAAACACCAGGGATTAGATATCAATATAATGTGCTTCCACAGGGATGGAAAGGATCACCAGCAATATTCCAGGCTAGCATGACAAAAATCTTAGAGCCCTTTAGGACACAAAATCCAGACATAGTCATCTATCAATATGTGGATGACYTGCWTGTAGGATCTGACTTAGAAATARGGGAACATAGAGCAAAAATAGAGGAGTTAAGAGAACATCTATTGAAATGGGGATTTACCACACCTGACAAGAAACATCAGAAAGAACCCCCATTTCTTTGGATGGGGTATGAACTCCATCCTGACAAGTGGACAGTACAGCCTATACAGCTGCCAGAAAAGGATAGCTGGACTGTCAATGATATACAGAAGTTAGTGGGAAAATTAAACTGGGCAAGTCAGATATACCCAGGGATTAAAGTAAGACAACTTTGTAAACTCATTAGGGGGACCAAAGCACTAACAGACATAGTGCCACTAACTGAAGAAGCAGAATTAGAATTGGCTGAAAACAGGAAAGTATGCAAAGAACCAGTCCATGGAGTATATTATGACCCCTCAAAAGACTTGATAGCTGAAATACAGAAGCAGGGG
FJ688257.CR-51,RT,ABC-130 AZT-120 D4T-105 DDI-135 TDF-40,ABC-125 AZT-100 D4T-85 DDI-125 TDF-35,"V190T:ACA,T194M:ATG,K201Q:CAA,K204R:AGA,D222G:GGC,S223G:GGT,K225R:AGA,L229V:GTA,S260A:GCA,D278E:GAR,T294K:AAA,K328A:GCA,Q329K:AAA,N330NY:WAT,D332E:GAA,Y336C:TGC,M339V:GTG,I357V:GTA,Q362E:GAA,R366K:AAA,F369L:TTA,T370CF:TKT,K374Q:CAA,V400Q:CAA,E403D:GAC,D405T:ACC,A427P:CCA,K430R:AGA,Q433H:CAC,T441A:GCT,E446D:GAC,V447I:ATA,I448V:GTG,E452A:GCA",CCAATTAGTCCTATTGAAACTGTACCAGTAAAATTAAAGCCAGGAATGGATGGCCCAAAGGTTAAACAATGGCCATTGACAGAAGAAAAAATAAAAGCACTAACAGAAATCTGTATGGAGATGGAAAAAGAAGGACAAATTTCAAGAATTGGGCCTGAAAATCCATACAATACTCCAGTATTTGCCATAAAGAAAAAGGGCGGTACTAGATGGAGAAAAGTAGTAGATTTCAGAGAACTTAATAAAAGAACTCAAGATTTCTGGGAGGTTCAATTAGGAATACCACACCCTGCAGGGTTAAAAAAGAAAAARGCAGTAACAGTACTGGATGTGGGGGATGCATATTTTTCAGTTCCCTTRGATAAGGARTTCAGGAAGTACACTGCATTCACCATACCCAGTATCAACAATGAGAAACCAGGAATCAGATATCAGTACAACGTGCTTCCACAGGGATGGAAAGGGTCACCAGCAATATTCCAAAGCAGCATGACAAAAATCTTAGAGCCCTTCAGAGCAAAAWATCCAGAAATAGTTATCTGCCAATACGTGGATGATTTGTATGTAGGGTCTGATTTAGAAATAGGGCAGCACAGAACAAAAGTAGAGGAGTTAAGAGAACATCTATTGAAATGGGGATTATKTACCCCAGATCAAAAACATCAGAAGGAACCCCCATTTCTTTGGATGGGGTATGAACTCCATCCTGACAAATGGACAGTACAGCCTATTCAATTACCAGACAAGACCAGCTGGACTGTCAATGATATACAGAAATTAGTGGGAAAACTAAATTGGGCAAGTCAGATTTATCCAGGGATTAGAGTAAAGCACTTATGTAAACTCCTTAGGGGAGCTAAAGCACTAACAGACATAGTGCCACTGACTGCAGAAGCAGAGTTAGAACTGGCAGAGAACAGGGAAATTCTAAAAGAACCAGTACATGGGGTATATTACGACCCATCAAAAGATTTAATAGCAGAAATACAGAAACAAGGG
KC220454.26954,RT,EFV-90 ETR-120 NVP-240 RPV-165,EFV-30 ETR-60 NVP-60 RPV-60,"M196L:CTG,D222N:AAC,T224I:ATA,K225N:AAT,K277E:GAA,D278ND:RAC,S317NSDG:RRY,E324D:GAT,Y336SICF:WKT,G351E:GAG,L365W:TGG,T370Y:TAC",GAACTGGAAAAGGAAGGAAAAATTTCAAAAATTGGGCCTGAAAATCCATAYAATACTCCAGTATTTGCCATAAAGAAGAAAAACAGTATAAATTGGAGAAAATTAGTAGATTTCAGAGAACTTAATAAGAGAACTCAAGACTTCTGGGAAGTTCAATTAGGAATACCACAYCCMGCAGGGTTAAAAAAGAAAAAATCAGTAACAGTACTGGATGTGGGTGATGCATATTTYTCAGTTCCMTTAGATGAARACTTCAGGAAGTATACTGCATTTACCATACCTAGTATAAACAATGAGACACCAGGRATTAGATATCAGTACAATGTGCTTCCACAGGGATGGAAAGGATCACCAGCAATATTCCAARRYAGCATGACAAAAATCYTAGATCCTTTTAGAAAACAAAAYCCAGACATAGTTATCWKTCARTACATGGATGATTTGTATGTAGGATCTGACTTAGAAATAGAGCAGCATAGAACAAAAATAGAGGAACTGAGACAACACCTGTGGAGGTGGGGATTTTACACACCAGACAAAAAACATCAGAAAGAACCACCATTCCTTTGGATGGGTTATGAACTCCATCCTGACAAA
KC423933.12.ZA.GT2293,RT,ABC-20 AZT-80 D4T-80 DDI-35 TDF-20,ABC-10 AZT-40 D4T-40 DDI-15 TDF-10,"V176IV:RTT,V190T:ACA,T194E:GAA,E197KE:RAR,E199KE:RAA,S203T:ACA,V215I:ATA,T224TA:RCT,K258N:AAC,K277E:GAA,D278G:GGC,E293EG:GRA,K328TA:RCA,Q329K:AAA,D332E:GAA,T355A:GCA,I357V:GTA,Q362KQ:MAA,R366K:AAG,T370TISF:WYC,M385ML:WTG,V400Q:CAR",CCAATTAGTCCCATTGAAACTGTACCAGTAAAAYTGAAGCCAGGAATGGATGGGCCAAAGRTTAAACAATGGCCATTGACAGAAGAGAAAATAAAAGCATTAACAGAAATTTGTGAAGAAATGRARAAGRAAGGAAAAATTACAAAAATTGGGCCTGAAAATCCATATAACACTCCAATATTTGCCATAAAGAAGAAGGACAGCRCTAAGTGGAGAAAATTAGTAGATTTCAGGGAACTCAATAAAAGAACTCAAGACTTTTGGGAGGTTCAATTAGGAATACCACACCCAGCAGGGTTAAARAAGAACAAGTCAGTGACAGTACTGGATGTGGGGGATGCATATTTTTCAGTTCCTTTAGATGAAGGCTTCAGGAARTATACTGCATTCACYATMCCTAGTATAAATAATGRAACACCAGGGATTAGATATCAATATAATGTGCTTCCVCAGGGATGGAAAGGGTCACCAGCAATATTCCAGAGTAGCATGACAAAAATYTTAGAGCCCTTTAGARCAAAAAATCCAGAAATAGTCATCTATCAATATATGGATGACYTGTATGTAGGATCTGACTTAGAAATAGGRCAACATAGAGCAAAAGTAGARGAGTTAAGAMAACATTTATTGAAGTGGGGATTTWYCACACCAGACAAGAAACATCARAAAGAACCCCCATTTCTTTGGWTGGGGTATGAACTCCATCCTGACAARTGGACAGTACAGCCTATACARCTGCCAGAAAAGGATAGCTGGACTGTCAATGACATACAGAAGTTAGTAGGA
DQ878261.4027-30318,RT,ABC-175 DDI-220,ABC-145 DDI-160,"T194D:GAC,M196L:CTG,E199ED:GAW,S203T:ACA,V215I:ATA,D222N:AAC,L229ILV:VTA,A253G:GGA,K258N:AAC,V273I:ATT,K277P:CCA,I290IV:RTA,D332E:GAA,V334IV:RTT,Y336C:TGT,M339V:GTG,G345A:GCA,H363HY:YAT,L365W:TGG,R366K:AAG,T370Y:TAC,K374N:AAC,L383HR:CRT,K432R:AGG,Q433H:CAT,A443S:TCA,I448V:GTA,E467EA:GMA,I484L:CTA,Q489E:GAA,M512T:ACG,Q528QH:CAW,A555T:ACA",CCCATTAGTCCTATTGAAACTGTACCAGTAAAATTAAAACCAGGAATGGATGGCCCAAAAGTAAAACAATGGCCATTGACAGAAGAAAAAATAAAAGCATTAGTAGAAATATGYGACGAACTGGAAAAGGAWGGGAAAATTACAAAAATTGGGCCTGAAAATCCATACAATACTCCAATATTTGCCATAAAGAAAAARAACAGTACTAAATGGAGAAAAVTAGTAGATTTCAGAGAACTTAATAAGAGAACTCAAGATTTCTGGGAAGTTCAATTAGGAATACCACATCCCGGAGGATTAAAAAAGAACAAATCAGTAACAGTACTAGATGTGGGWGATGCATATTTTTCAATTCCCTTAGATCCAGACTTCAGGAAGTAYACTGCATTTACCATACCTAGTRTAAACAATGAGACACCAGGGATCAGATATCAGTACAATGTGCTGCCACAGGGATGGAAAGGCTCACCAGCAATATTCCAAAGTAGCATGACAAAAATCTTAGAGCCTTTTAGAAAACAAAATCCAGAAATARTTATCTGTCAATACGTGGATGATTTGTATGTAGCATCTGACTTAGAAATAGGGCAGCATAGAACAAAAATAGAGGAACTGAGACAAYATCTGTGGAAGTGGGGATTTTACACACCAGACAACAAACATCAAAAAGAACCTCCATTCCRTTGGATGGGTTATGAACTCCATCCTGATAAATGGACAGTACAGCCTATAGTGCTGCCAGAAAAAGACAGCTGGACTGTCAATGATATACAGAAGTTAGTGGGRAAATTGAATTGGGCCAGTCAGATTTATGCAGGGATTAAAGTAAGGCATTTATGTAAACTCCTTAGGGGAACCAAATCACTAACAGAAGTAGTACCACTAACGGAAGAAGCAGAACTAGAACTGGCAGAAAACAGGGAAATTYTAAAAGMACCAGTACATGGAGTATATTATGACCCATCAAAAGACTTAATAGCAGARCTACAGAAGCAGGGGGAAGGCCAATGGACATATCAAATTTATCAAGAGCCATTTAAGAATCTGAAAACAGGAAAATATGCAAGAACGAGGGGGGCCCACACTAATGATGTAAAACAATTRACAGAGGCAGTGCAWAAAATAGCCACAGAAAGCATAGTAATTTGGGGAAAGACTCCTAAATTTAAACTGCCCATACAAAAAGAAACATGGGAAACA
EU308017.ICH027,RT,ABC-60 AZT-0 D4T-90 DDI-105 FTC-30 LMV-30 TDF-70,ABC-65 AZT--5 D4T-100 DDI-95 FTC-45 LMV-45 TDF-80,"S203T:ACA,V215I:ATA,K220R:AGG,T224KNTRSIMQHPLEDAGVYCWF*:NNN,V261M:ATG,K277E:GAA,D278S:AGC,K328A:GCA,Q329K:AAA,D332E:GAA,Y336C:TGT,G345A:GCA,I350T:ACA,T355A:GCA,Q362E:GAA,R366K:AAG,K374R:AGA,L383R:CGT,V400Q:CAA",GAAATGGAGAAGGAAGGAAAAATTACAAAAATTGGGCCTGAAAACCCATATAACACTCCAATATTTGCCATAAAAAGGAAGGACAGC~~~AAGTGGAGAAAATTAGTAGATTTCAGGGAACTCAATAAAAGAACTCAAGACTTTTGGGAAGTTCAATTAGGAATACCACACCCAGCAGGGTTAAAAAAGAAAAAATCAATGACAGTACTGGATGTGGGGGATGCATATTTTTCAGTTCCTTTAGATGAAAGCTTCAGGAAATATACTGCATTCACCATACCTAGTATAAACAATGAAACACCAGGGATTAGATACCAATATAATGTGCTCCCACAAGGATGGAAAGGGTCACCAGCAATATTCCAGAGTAGCATGACAAAAATCTTAGAGCCCTTTAGAGCAAAAAATCCAGAAATAGTCATCTGTCAATATATGGATGACTTGTATGTAGCATCTGACTTAGAAACAGGGCAACATAGAGCAAAAATAGAGGAGTTAAGAGAACATCTATTAAAGTGGGGATTTACCACCCCAGACAGAAAGCATCAGAAAGAACCCCCATTTCGTTGGATGGGGTATGAACTCCATCCTGACAAATGGACAGTACAGCCTATACAACTGCCA
KM458505.41500,RT,ABC-75 AZT-0 D4T-105 DDI-120 TDF-85,ABC-65 AZT--5 D4T-85 DDI-80 TDF-80,"E161D:GAC,K166A:GCT,L189I:ATA,V190T:ACA,T194K:AAA,E195EG:GRG,V215I:ATA,K220R:AGA,S223G:GGC,T224KNTRSIMQHPLEDAGVYCWF*:NNN,K225NY:WAC,K258N:AAC,K277E:GAA,D278S:AGC,R327K:AAA,K328I:ATA,Q329K:AAA,D332E:GAA,I333M:ATG,Y336C:TGT,T355I:ATA,Q362A:GCT,R366K:AAA,F369L:CTT,K374R:AGA,H376Y:TAT,L383R:CGT",CCAATTAGTCCTATTGACACTGTACCAGTAGCTTTAAAGCCAGGAATGGATGGACCAAAGGTTAAACAGTGGCCATTGACAGAAGAAAAAATAAAAGCAATAACAGAAATCTGTAAAGRGATGGAAAAGGAAGGAAAAATCTCAAAAATTGGGCCTGAAAATCCATACAATACCCCAATATTTGCTATAAAGAGAAAGGACGGCNNNWACTGGAGRAAATTAGTAGATTTCAGAGAGCTCAATAAAAGAACTCAGGACTTTTGGGAAGTTCAATTAGGAATACCACATCCAGCAGGATTAAAAAAGAACAAATCAGTAACAGTACTAGATGTGGGAGATGCATATTTTTCAGTTCCTTTAGATGAAAGCTTTAGAAAGTATACTGCATTTACCATACCTAGTATAAACAATGAGACACCAGGGATCAGGTATCAGTACAATGTGCTGCCACAGGGGTGGAAAGGATCACCAGCAATATTCCAGAGTAGCATGACAAAAATCTTAGAGCCCTTTAAAATAAAAAATCCAGAAATGGTTATCTGTCAATACATGGATGACTTRTATGTAGGATCTGATTTAGAAATAGGGCAGCACAGAATAAAAATAGAGGAGCTGAGGGCTCATCTATTGAAATGGGGACTTACTACACCAGACAGAAARTATCAGAAGGAACCTCCATTCCGTTGGATG
KJ176451.11ZAKS170,RT,EFV-165 NVP-180,EFV-120 NVP-120,"V163I:ATA,V190T:ACA,T194K:AAG,E195D:GAT,K256P:CCA,K257Q:CAG,K258NS:ARC,K277E:GAA,D278G:GGC,K328A:GCA,M339V:GTG,G351K:AAG,T355E:GAA,E358KE:RAR,Q362E:GAA,R366KR:ARG,V400Q:CAR,A427P:CCA,T441A:GCC,E446D:GAC,V447I:ATA,K466R:AGA,Q489L:CTT,G490D:GAT",CCAATTAGTCCCATTGAAACTATACCAGTAAAATTAAAGCCAGGAATGGATGGCCCAAAGGTTAAACAATGGCCATTGACAGAAGAGAAAATAAAAGCATTAACAGAAATTTGTAAGGATATGGAGAAGGAAGGAAAAATTTCAAAAATTGGGCCTGAAAATCCATATAACACTCCAGTATTTGCCATAAAAAAGAAGGACAGTACTAAGTGGAGAAAATTAGTAGACTTCAGGGAACTCAATAAAAGAACTCAAGACTTTTGGGAAGTTCAATTAGGAATACCACACCCAGCAGGATTACCACAGARCAAATCAGTGACAGTACTGGATGTGGGAGATGCATATTTTTCAGTTCCTTTAGATGAAGGCTTCAGAAAATATACTGCATTCACCATACCTAGTATAAACAATGAAACACCAGGGATTAGATATCAATATAATGTGCTCCCACAGGGGTGGAAAGGATCACCAGCAATATTTCAGAGTAGCATGACAAAGATTTTAGAGCCCTTTAGAGCACAAAATCCAGATATAGTCATCTATCAATATGTGGATGACTTGTATGTAGGATCTGACTTAGAAATAAAGCAACATAGAGAAAAAATARARGAATTAAGAGAACATCTATTGARGTGGGGATTTACCACACCAGACAAGAAACATCAGAAAGAACCCCCATTTCTTTGGATGGGGTATGAACTCCATCCTGACAAATGGACAGTACAGCCTATACARCTGCCAGAAAAAGATAGCTGGACTGTCAATGATATACAAAAGTTAGTGGGAAAATTAAACTGGGCMAGTCAGATTTACCCAGGAATTAAAGTAAAGCAACTTTGTAAACTCCTTAGGGGGGCCAAAGCACTAACAGACATAATACCACTAACTGAAGAAGCAGAATTAGAATTAGCAGAAAACAGGGAGATTCTAAGAGAACCAGTACATGGAGTATATTATGACCCATCAAAAGACTTGATAGCTGAAATACAGAAACAGGGACTTGATCAATGGACATATCAAATTTATCAA
KC423491.11.ZA.GT1695,RT,EFV-210 NVP-240 RPV-90,EFV-120 NVP-120 RPV-60,"V190T:ACA,E191A:GCA,T194E:GAA,A253S:TCA,K258KN:AAM,K277E:GAA,D278N:AAC,I290IM:ATR,K328T:ACA,Q329K:AAA,D332N:AAC,Y343HLYF:YWT,T355EA:GMA,Q362E:GAA,R366K:AAA",CCAATTAGTCCYATTGAAACTGTACCAGTAAAATTAAAGCCAGGAATGGATGGCCCAAAAGTTAAACAATGGCCATTAACAGAAGAAAAGATAAAAGCATTAACAGCAATTTGTGAAGAAATGGAAAAGGAAGGAAAAATTTCAAAAATTGGGCCTGAAAATCCATATAACACTCCAGTATTTGCCATAAAAAAGAAGGACAGTACTAAGTGGAGAAAATTAGTAGACTTCAGGGAACTCAATAAAAGAACTCAAGATTTTTGGGAGGTTCAATTAGGAATACCACACCCATCAGGGTTAAAAAAGAAMAAATCAGTGACAGTACTGGATGTGGGGGATGCATATTTTTCAGTTCCTTTGGATGAAAACTTCAGGAAATATACTGCATTCACCATACCTAGTATRAACAATGAAACACCAGGAATTAGATATCAGTATAATGTGCTACCACAGGGATGGAAAGGATCACCAGCAATATTCCAGAGTAGCATGACAAAAATCTTAGAGCCCTTTAGGACAAAAAACCCAAACATAGTTATCTATCAATATATGGATGACTTGYWTGTAGGATCTGACTTAGAAATAGGGCAACATAGAGMAAAAATAGAGGAGTTAAGAGAACATTTATTGAAATGGGGATTTACCACACCAGAYAAGAAACATCAGAAAGAACCCCCATTTCTGTGGATGGGGTATGAACTTCATCCTGACAAATGGACRGTACAGCCTATAGTGCTGCCAGAAAAAGATAGCTGGACTGTCAATGACATA
AY365647.101837,RT,EFV-150 NVP-180,EFV-120 NVP-120,"D222N:AAC,K225R:AGA,K256KQ:MAA,K258KN:AAK,I290T:ACA,M339V:GTG,Y343HL:CWT,G351E:GAA,I357V:GTA,R366K:AAG,T370F:TTC,K374Q:CAA,V400M:ATG,A427G:GGA,R439K:AAG,T441A:GCC,I448V:GTA,E452P:CCA,L456M:ATG,I481V:GTA,A515T:ACC,A531T:ACC,T541I:ATT",CCCATTAGTCCTATTGAAACTGTACCAGTGAAATTAAAGCCAGGAATGGATGGCCCAAAAGTTAAACAATGGCCATTGACAGAAGAGAAAATAAAAGCATTAGTAGAAATTTGTACAGAAATGGAAAAGGAAGGGAAAATTTCAAAAATTGGGCCTGAAAATCCATACAATACTCCAGTATTTGCCATAAAGAAAAAGAACAGTACTAGATGGAGAAAATTAGTAGACTTCAGAGAACTTAATAAGAGAACTCAAGACTTCTGGGAAGTTCAATTAGGAATACCACACCCAGCAGGGTTAMAAAAGAAKAAGTCAGTAACAGTACTGGATGTGGGTGATGCATATTTTTCAGTTCCTTTAGATAAAGACTTCAGAAAGTATACTGCATTTACCATACCTAGTACAAACAATGAGACACCAGGGATTAGATATCAGTACAATGTGCTTCCACAGGGATGGAAAGGATCACCAGCAATATTCCAAAGTAGCATGACAAAAATCTTAGAGCCTTTTAGAAAACAAAATCCAGACATAGTTATCTATCAATACGTGGATGATTTACWTGTAGGATCTGACTTAGAAATAGAACAGCATAGAACAAAAGTAGAGGAACTGAGACAACACCTGTTGAAGTGGGGATTTTTCACACCAGACCAAAAACATCAGAAAGAACCCCCATTTCTTTGGATGGGTTATGAACTCCATCCTGATAAATGGACAGTACAGCCTATAATGCTGCCAGAAAAGGACAGCTGGACTGTCAATGACATACAGAAGTTAGTGGGAAAATTAAATTGGGCAAGTCAGATCTATGGAGGGATTAAAGTAAAGCAATTATGTAAACTTCTTAAGGGAGCCAAAGCACTAACAGAAGTAGTACCACTAACACCAGAAGCAGAGATGGAACTGGCAGAAAACAGGGAAATTCTAAAGGAACCAGTACATGGAGTGTATTATGACCCATCAAAAGACTTAGTAGCAGAAATACAGAAGCAGGGGCAAGGTCAGTGGACATATCAAATTTATCAAGAGCCATTTAAAAATCTGAAAACAGGAAAGTATGCAAGAATGAGGGGTACCCACACTAATGATGTAAAACAGTTAACAGAGGCAGTGCAAAAAATAACCACAGAAAGCATAGTAATATGGGGAAAAATTCCTAAATTTAAACTACCCATACAAAAAGAAACATGGGAAGCA
JN652199.J0594-1,RT,ABC-50 AZT-130 D4T-130 DDI-70 TDF-25,ABC-15 AZT--10 D4T--10 DDI-10 TDF--10,"V190T:ACA,V215I:ATA,K258N:AAC,D276H:CAT,K277E:GAA,I290IML:MTR,K328R:AGA,D332E:GAA,I333M:ATG,M339V:GTG,T355I:ATA,Q362E:GAA,R366K:AAG,T370NTIYSF:WHC,P380HP:CMC,P398T:ACT,V400E:GAR,D405E:GAA,A427P:CCA,K432R:AGA,L437C:TGC,L438I:ATT,I448V:GTA,E452K:AAA",CCAATTAGTCCTATTGAAACTGTACCAGTAAAATTAAAGCCAGGGATGGATGGCCCAAAAGTTAAACAATGGCCATTAACAGAAGAAAAAATAAAAGCATTAACAGAAATTTGTACAGAAATGGAAAAGGAAGGAAAAATTTCAAAGATTGGGCCTGAAAATCCATACAACACTCCAATATTTGCCATAAAGAAAAAAGACAGTACTAAGTGGAGAAAATTAGTAGATTTTAGAGAACTTAATAAGAGAACTCAAGACTTCTGGGAAGTTCAACTAGGGATACCACATCCTGCAGGGTTAAAAAAGAACAAATCAGTAACAGTACTGGATGTGGGTGATGCATATTTTTCAGTTCCACTACATGAAGACTTTAGAAAATATACTGCATTCACCATACCTAGTMTRAACAATGAGACACCAGGAATTAGATATCAGTACAATGTGCTTCCACAAGGATGGAAAGGGTCACCAGCAATATTCCAAAGTAGCATGACAAAAATCTTAGAACCTTTTAGAAGACAAAATCCAGAAATGGTGATCTATCAATACGTGGATGATTTGTATGTAGGRTCTGACTTAGAAATAGGACAGCATAGAATAAAAATAGAGGAATTAAGGGAACACCTRTTGAAGTGGGGATTTWHCACACCAGATAAAAAGCATCAGAAAGAACMCCCATTTCTTTGGATGGGTTATGAACTCCATCCTGATAAATGGACAGTACAGACTATAGARTTGCCAGAAAAGGAAAGCTGGACTGTCAATGATATACARAAGTTAGTRGGGAAATTAAATTGGGCAAGCCAGATTTATCCAGGAATTAAAGTAAGACAATTATGCAAATGCATTAGRGGAACCAAGGCACTAACAGAAGTAGTACCCTTGACAAAAGAAGCAGAATTAGAACTGGCAGAA
KC219167.2391,RT,ABC-120 DDI-165,ABC-90 DDI-105,"M196L:TTG,S223G:GGT,L229IV:RTA,D278E:GAA,I290T:ACA,I333M:ATG,Y336C:TGC,M339V:GTG,R366K:AAA,T370Y:TAC,H376HY:YAT,L383Q:CAG",GAATTGGAAAAGGAAGGAAAAATTTCAAAAATTGGGCCTGAAAATCCATACAATACTCCAGTATTTGCCATAAAGAAAAAAGACGGTACTAAATGGAGAAAARTAGTAGATTTCAGAGAACTTAATAAGAGAACTCAAGACTTCTGGGAAGTTCAATTAGGAATACCACATCCCGCAGGGTTAAAGAAGAAAAAATCAGTAACAGTACTGGATGTGGGTGATGCATACTTTTCAGTTCCCTTAGATAAAGAATTCAGAAAGTATACTGCATTTACCATACCTAGTACAAACAATGAGACACCAGGGATTAGATATCAGTACAATGTGCTTCCACAGGGATGGAAAGGATCACCAGCGATATTCCAAAGTAGCATGACAAAAATCTTAGAGCCTTTTAGAAAACAAAATCCAGACATGGTTATCTGCCAATACGTGGATGATTTGTATGTAGGATCTGACTTAGAAATAGGACAGCATAGAACAAAAATAGAGGAATTGAGACAACACCTGTTGAAATGGGGATTTTACACACCAGACAAAAAGYATCAGAAAGAACCTCCATTCCAGTGGATGGGTTATGAACTCCATCCTGATAAA
KC424022.07.ZA.GT183,RT,ABC-40 AZT-75 D4T-75 DDI-45 TDF-15,ABC-30 AZT-35 D4T-35 DDI-30 TDF-5,"P159T:ACC,E161D:GAC,V190T:ACA,E191A:GCA,T194E:GAR,A217V:GTC,V245I:ATC,V261M:ATG,K277E:GAA,D278N:AAC,I290T:ACA,S317G:GGT,K328T:ACA,M339V:GTG,G345A:GCA,T355A:GCA,Q362E:GAA,R366K:AAA,T370YF:TWC,M385L:CTG,V400K:AAA,D405E:GAG",CCAATTAGTACCATTGACACTGTRCCAGTAAAATTAAAGCCAGGAATGGATGGCCCAAAAGTTAAACAATGGCCATTGACAGAAGAAAAGATAAAAGCATTAACAGCAATTTGTGARGAAATGGAGAAGGAAGGGAAAATTTCAAAAATTGGGCCTGAAAATCCATATAACACTCCAGTATTTGTCATAAAAAAGAAGGACAGTACTAAGTGGAGAAAATTAGTAGATTTCAGGGAACTCAATAAGAGAACTCAAGACTTTTGGGAAATCCAATTAGGAATACCACACCCAGCAGGGTTAAAAAAGAAAAAATCAATGACAGTGCTGGATGTGGGGGATGCATATTTTTCAGTTCCTTTAGATGAAAACTTCAGGAAATATACTGCATTCACCATACCTAGTACAAACAATGAGACACCAGGGATTAGATATCAATATAATGTGCTTCCCCAGGGATGGAAAGGATCACCAGCAATATTCCAGGGTAGCATGACAAAAATATTAGAGCCCTTTAGGACACAAAATCCAGATATAGTTATCTATCAATATGTGGATGACTTGTATGTAGCATCTGACTTAGAAATAGGGCAACATAGGGCAAAAATAGAAGAGTTAAGAGAACATTTATTGAAATGGGGATTTTWCACACCAGACAAAAAACATCAGAAAGAACCCCCATTTCTTTGGCTGGGGTATGAGCTCCATCCTGACAAATGGACAGTACAGCCTATAAAATTGCCAGAAAAGGAGAGCTGGACTGTCAATGACATA
KT745036.RenG14008,RT,ABC-150 AZT-135 D4T-120 DDI-80 TDF-60,ABC-140 AZT-105 D4T-90 DDI-65 TDF-50,"P164TP:MCA,D222N:AAC,K225R:AGA,Y270YF:TWT,D278E:GAA,I290T:ACA,E293K:AAG,V334D:GAT,M339V:GTG,G345S:AGC,T355I:ATA,R366K:AAG,F369L:TTA,T370IF:WTC,K374QE:SAA,A427P:CCA,K432R:AGA,L438I:ATC,I448V:GTA,E452K:AAA",CCCATTAGTCCTATTGAAACTGTAMCAGTAAAATTAAAGCCAGGAATGGATGGCCCAAAGGTCAAACAATGGCCGTTGACAGAAGAAAAAATAAAAGCATTAGTAGAAATTTGTACAGAAATGGAAAAGGAAGGAAAAATTTCAAAAATTGGGCCTGAAAATCCATACAATACTCCAGTATTTGCCATAAAGAAAAAGAACAGTACTAGATGGAGAAAATTAGTAGATTTCAGAGAACTTAATAAGAGAACTCAAGACTTCTGGGAAGTTCAATTAGGAATACCACATCCTGCAGGGCTAAAAAAGAAAAAATCAGTAACAGTACTRGATGTGGGTGATGCATWTTTCTCAGTTCCCTTAGATAAAGAATTCAGGAAGTATACTGCATTTACCATACCTAGTACAAATAATAAGACACCAGGAATTAGATATCAGTACAATGTGCTTCCACAGGGATGGAAAGGATCACCAGCAATATTCCAAAGTAGCATGACAAAAATCTTAGAGCCTTTTAGAAAACAAAATCCAGACATAGATATCTATCAATAYGTGGATGATTTGTATGTAAGCTCTGACTTAGAAATAGGGCAGCACAGAATAAAAATAGAGGAACTGAGACAACATCTGTTGAAGTGGGGATTAWTCACACCAGACSAAAAACATCAGAAGGAACCCCCATTTCTTTGGATGGGTTATGAACTCCATCCTGATAAATGGACAGTACAGCCTATAGTATTGCCAGAAAAAGACAGCTGGACTGTCAATGACATACAGAAGTTAGTGGGAAAATTGAATTGGGCAAGTCAGATTTATCCAGGGATTAAAGTAAGACAATTATGCAAACTCATCAGAGGAACCAAAGCACTAACAGAAGTAGTACCACTAACAAAAGAGGCAGAGCTAGAACTGGCAGAAAACAGGGAGATTCTA
0.627,RT,ABC-30 AZT-115 D4T-100 DDI-50 TDF-30,ABC-20 AZT-75 D4T-60 DDI-30 TDF-20,"V190I:ATA,K198R:AGA,S203E:GAA,K225KR:ARA,A253S:TCA,D278E:GAA,I333L:CTA,T370NTYS:WMC,K432R:AGG,T441A:GCC,D479E:GAA,I484IV:RTA,R511KR:ARA,A531S:TCC,K545R:AGA,A555T:ACA,T558S:TCG,E559D:GAT,V590I:ATA,V613I:ATT,V622I:ATC",CCCATTAGTCCTATTGAAACTGTACCAGTAAAATTAAAGCCAGGAATGGATGGCCCAAAAGTTAAACAATGGCCATTGACAGAAGAAAAAATAAAAGCATTAATAGAAATTTGTACAGAAATGGAAAGAGAAGGGAAAATTGAAAAAATTGGGCCTGAAAATCCATACAATACTCCAGTGTTTGCCATAAAGAAAAAAGACAGTACTARATGGAGAAAATTAGTAGATTTCAGAGAACTTAATAAGAGAACTCAAGACTTCTGGGAAGTTCAATTAGGAATACCACATCCCTCAGGGTTAAAAAAGAAGAAATCAGTAACAGTACTGGATGTGGGTGATGCATATTTTTCAGTTCCCTTAGATAAAGAATTCAGGAAGTATACTGCATTCACCATACCTAGTATAAACAATGAGACACCAGGGATTAGGTATCAGTACAATGTACTTCCACAGGGATGGAAAGGATCACCAGCAATATTCCAAAGTAGCATGACAAAAATCTTAGAGCCTTTTAGAAAACAAAATCCAGACCTAGTTATTTATCAATACATGGATGATTTGTATGTAGGATCWGACTTAGAAATAGGACAGCATAGAACAAAAATAGAGGAACTGAGACAACATCTGTTAAGGTGGGGATTTWMCACACCAGACAAAAAACATCAGAAAGAACCTCCATTCCTTTGGATGGGTTATGAACTCCATCCTGATAAATGGACAGTACAGCCTATAGTGCTGCCAGAAAAAGACAGCTGGACTGTCAATGACATACAGAAGTTAGTGGGAAAATTGAATTGGGCAAGTCAGATTTACGCAGGGATTAAAGTAAGGCAGTTATGTAAACTCCTTAGGGGAGCCAAAGCACTAACAGAAGTAATACCACTAACAGAAGAAGCAGAGCTAGAACTGGCAGAAAACAGGGAAATTCTAAAAGAACCAGTACATGGAGTGTATTATGACCCATCAAAAGAATTAATAGCAGAARTACAGAAGCAGGGGCAAGGCCAATGGACATATCAAATTTATCAAGAGCCATTTAAAAATCTGAAAACAGGAAAATATGCAARAATGAGAGGTGCCCACACTAATGATGTAAAACAATTAACAGAGGCAGTGCAAAAAATATCCACAGAAAGCATAGTAATATGGGGAAAAACTCCTAAATTTAGACTACCCATACAAAAAGAAACATGGGAAACATGGTGGTCGGATTATTGGCAAGCCACCTGGATTCCTGAGTGGGAGTTTGTCAATACTCCTCCCTTAGTAAAATTATGGTACCAGTTAGAGAAAGAACCCATAATAGGAGCAGAAACTTTCTACGTAGATGGGGCAGCTAATAGGGAGACTAAATTAGGAAAAGCAGGATATATTACTGACAGAGGAAGACAAAAAGTTATCTCCCTAACTGACACAACAAATCAGAAGACTGAGTTACAAGCAATT
.CS_027,RT,ABC-55 AZT-80 D4T-80 DDI-60 TDF-25,ABC-45 AZT-55 D4T-55 DDI-45 TDF-15,"V176IV:RTT,V190T:ACA,E191D:GAC,T194A:GCA,M196ML:MTG,E234KE:RAA,W243C:TGT,V273I:ATA,K277E:GAA,I290R:AGA,S317A:GCA,K328T:ACA,Q329K:AAA,D332E:GAG,M339V:GTG,T355A:GCA,E358K:AAG,Q362E:GAA,R366K:AAG,F369L:CTA,T370YS:TMC,V400Q:CAA,Y426F:TTT,T441A:GCC,E446D:GAT,I448V:GTG,S477T:ACA,I481V:GTA",CCAATTAGTCCTATTGAAACTGTACCAGTAAAATTAAAGCCAGGGATGGATGGCCCAAAARTTAAACAATGGCCATTGACAGAAGAAAAAATAAAAGCATTAACAGACATTTGTGCAGAAMTGGAAAAGGAAGGAAAAATTTCAAAAATTGGGCCTGAAAATCCATACAATACTCCAGTTTTTGCCATAAAGAAAAAGGATAGTACTAAATGGAGAAAATTAGTAGATTTCAGARAACTCAATAAAAGAACTCAAGACTTCTGTGAAGTCCAATTAGGAATACCTCATCCTGCGGGACTAAAAAAGAAAAAATCAGTAACAGTACTAGATGTAGGGGATGCATATTTTTCAATACCCTTAGATGAAGACTTTAGAAAGTATACTGCATTCACTATACCTAGTAGAAATAATGAGACACCAGGGATTAGATATCAGTACAATGTGCTTCCACAGGGATGGAAAGGATCACCAGCAATATTTCARGCAAGCATGACAAAAATCTTAGAGCCCTTTAGAACAAAAAATCCAGAGATAGTGATCTATCAATATGTGGATGATTTATATGTAGGATCTGAYTTAGAGATAGGGCAACATAGGGCAAAAATAAAGGAGTTAAGAGAACATCTACTGAAGTGGGGACTATMCACACCAGACAAAAAACATCAGAAAGAGCCTCCATTTCTTTGGATGGGATATGAACTCCATCCTGACAAATGGACAGTCCAGCCTATACAACTGCCAGAAAAAGACAGCTGGACTGTCAATGATATACAGAAATTAGTGGGAAAACTAAATTGGGCAAGTCAGATTTTTGCAGGAATTAAAGTAAAGCAACTGTGTAAACTCCTCAGAGGAGCCAAAGCACTGACAGATGTAGTGCCACTGACTGAGGAAGCAGAGTTAGAATTGGCAGAGAACAGGGAAATTCTAAAAGAACCTGTACATGGGGTATATTATGACCCAACAAAAGACTTAGTAGCAGAGATACAGAAACAAGGGCAA
EF368618.PRRT_1308,RT,ABC-90 AZT-145 D4T-130 DDI-85 TDF-45,ABC-80 AZT-105 D4T-90 DDI-65 TDF-35,"K175KR:ARA,V215I:ATA,D222N:AAC,K225R:AGA,K256E:GAA,K277E:GAA,D278HD:SAC,I290R:AGA,D332ND:RAC,M339V:GTG,I357V:GTA,Q362E:GAA,T370NTYS:WMC,D373ED:GAM,K374Q:CAA,T441A:GCC,A443T:ACA,V472A:GCA,R511K:AAA,G514S:AGT,A526T:ACA,T532M:ATG,K545R:AGA",CCCATTAGTCCTATTGAAACTGTACCAGTAAAATTAAAGCCAGGAATGGATGGCCCAARAGTTAAACAATGGCCATTGACAGAAGAAAAAATAAAAGCATTAGTAGAAATTTGTACAGAAATGGAAAAGGAAGGGAAAATTTCAAAAATTGGGCCTGAAAATCCATACAATACTCCAATATTTGCCATAAAGAAGAAAAACAGTACTAGATGGAGAAAATTAGTAGATTTCAGAGAACTTAATAAGAGAACTCAAGACTTCTGGGAAGTTCAATTAGGAATACCACATCCCGCAGGGTTAGAAAAGAAAAARTCAGTAACAGTTCTGGATGTGGGTGATGCATATTTTTCAGTTCCCTTAGATGAASACTTTAGGAAGTATACTGCATTTACCATACCCAGTAGAAACAATGAGACACCAGGGATTAGATATCAGTACAATGTGCTKCCACARGGATGGAAAGGATCACCAGCAATATTCCAAAGTAGCATGACAAAAATCTTAGAGCCTTTTAGAAAACAAAATCCARACATAGTTATCTATCAATACGTGGATGATTTGTATGTAGGATCTGACTTAGAAATAGGGCAGCATAGAACAAAAGTAGAGGAACTGAGAGAACATCTGTTGAGGTGGGGATTTWMCACACCAGAMCAAAAACATCAGAAAGAACCYCCATTCCTKTGGATGGGKTATGAACTCCATCCTGATAAATGGACAGTACAGCCTATAGTGCTGCCAGAAAAAGACAGCTGGACTGTCAATGACATACAGAAGTTAGTGGGAAAATTGAAYTGGGCAAGTCAAATTTATGCAGGGATTAAAGTAAAGCAGTTATGTAAACTCCTCAGGGGAGCCAAAACACTAACAGAAGTAATACCATTAACAGAAGAAGCAGAGCTAGAACTGGCGGAAAACAGGGAAATTCTAAAAGAACCAGTACATGGAGCATATTATGACCCATCAAAAGACTTAATAGCAGAAATACAGAAGCAGGGGCAAGGCCAATGGACATATCAGATTTATCAGGAGCCATTTAAAAATCTGAAAACAGGAAAGTATGCAAAAATGAGGAGTGCTCACACTAATGATGTAAAACAATTAACAGAGACAGTGCAAAAAATAGCCATGGAAAGCATAGTAATATGGGGAAAGACTCCTAAATTTAGACTACCCATACAAAAAGAAACATGGGAAGCA
EF576763.03A300222,RT,EFV-85 ETR-85 NVP-105 RPV-115,EFV-0 ETR-0 NVP-0 RPV-0,"P159T:ACT,P169K:AAA,V190T:ACA,E191D:GAC,L255LF:TTN,K256KNTRSIMQHPLEDAGVYCWF*:NNN,D276Y:TAT,I290V:GTA,S317A:GCA,K328I:ATA,Q329K:AAA,D332E:GAG,T355A:GCA,Q362A:GCA,R366K:AAA",CCAATTAGTACTATTGAAACTGTACCAGTAAAATTAAAGAAAGGAATGGATGGCCCAAAGGTTAAACAATGGCCATTAACAGAAGAAAAAATAAAAGCATTAACAGACATTTGTACAGAAATGGAAAAGGAAGGAAAAATTTCAAAAATTGGACCTGAAAATCCATACAATACTCCAGTATTTGCCATAAAGAAAAAAGATAGTACTAAATGGAGAAAATTAGTAGATTTCAGAGAACTCAATAAGAGAACTCAGGACTTCTGGGAGGTCCAATTAGGAATACCTCATCCAGCGGGATT~~~~AAAAAAAAATCAGTAACAGTACTAGATGTAGGGGATGCATATTTTTCAGTACCCTTATATAAAGACTTTAGAAAGTATACTGCATTCACTATACCTAGTGTAAATAATGAAACACCAGGGATTAGATATCAGTACAATGTGCTTCCACAGGGATGGAAAGGATCACCAGCAATATTTCAGGCAAGCATGACAAAAATCTTAGAGCCCTTCAGAATAAAAAATCCAGAGATAGTAATCTACCAATATATGGATGATTTGTATGTAGGGTCTGACTTAGAAATAGGGCAGCATAGAGCAAAAATAGAGGAGTTGAGAGCACATCTATTGAAATGGGGATTTACCACACCAGACAAAAAACATCAG
KF922118.05BRRJRS61,RT,ABC-15 AZT-50 D4T-35 DDI-20 TDF-15,ABC-10 AZT-40 D4T-25 DDI-15 TDF-10,"E183KE:RAA,V190T:ACA,E199KE:RAA,G200EG:GRA,K225KR:ARA,S317C:TGT,E324D:GAC,K328A:GCA,Q329K:AAA,I333L:TTA,E349KQE*:NAA,Q362E:GAA,R366K:AAA,K374KQE*:NAA",CCAATTAGTCCTATTGAAACTGTACCAGTAAAATTGAAGCCAGGAATGGATGGCCCAAAGGTTAAACAATGGCCATTGACARAAGAAAAAATAAAAGCATTAACAGAAATATGTACAGAAATGGAAAAARAAGRAAAAATTTCAAAAATTGGGCCTGAAAATCCATACAATACTCCAGTATTTGCCATAAAGAAAAAAGACAGTACTARATGGAGGAAATTAGTAGATTTCAGAGAACTTAAYAAAAGAACTCAAGATTTTTGGGAGGTTCAATTAGGAATACCGCATCCTGCAGGGTTAAAAAAGAAAAAGTCAGTAACAGTACTGGATGTGGGGGATGCATATTTTTCAGTTCCCTTAGATAAGGATTTCAGGAAGTACACTGCATTCACCATACCTAGTATCAACAATGAGACACCAGGAATTAGGTACCAGTACAATGTGCTTCCACAAGGATGGAAAGGATCACCAGCAATATTCCAATGTAGCATGACAAAAATCTTAGACCCCTTTAGAGCAAAAAATCCAGACTTAGTTATCTACCAATACATGGATGATTTGTATGTAGGGTCTGATTTANAAATAGGGCAGCATAGAACAAAAATAGAGGAGTTAAGAGAACATCTACTGAAATGGGGATTTACTACACCAGACNAAAAGCATCAAAAGGAACCC
GQ228361.9379,RT,EFV-150 NVP-180,EFV-105 NVP-120,"T194K:AAG,K258NS:ARC,K277E:GAA,K328T:ACA,Q329K:AAR,M339V:GTG,G345AG:GSA,T355A:GCA,I357V:GTA,Q362E:GAA,R366KR:ARA,V400K:AAG",TGTAAGGAAATGGAGAAGGAAGGAAAAATTTCAAAAATTGGGCCTGAAAAYCCATATAACACTCCAGTATTTGCCATAAAAAAGAAGGACAGTACTAAGTGGAGAAAATTAGTAGATTTCAGGGAACTCAACAAAAGAACTCAAGACTTTTGGGAAGTCCAATTAGGGATACCACACCCAGCAGGGTTAAAAAAGARCAAATCAGTAACAGTACTGGATGTGGGGGATGCATATTTTTCAGTTCCTTTAGATGAAGACTTCAGGAARTATACTGCATTCACCATACCYAGTATAAACAATGAAACACCAGGGATTAGATATCAATATAATGTGCTTCCACAGGGATGGAAAGGATCACCAGCAATATTCCAGAGYAGCATGACWAAAATCTTAGAGCCCTTTAGGACAAARAATCCAGACATAGTTATCTATCAATAYGTGGATGACTTGTATGTAGSATCTGACTTAGAAATAGGGCAACAYAGAGCAAAAGTAGAGGAGCTAAGGGAACATTTATTGARATGGGGATTTACCACACCAGAYAAGAAACATCAGAAAGAACCCCCATTTCTYTGGATGGGGTATGAACTCCATCCTGACAAATGGACAGTACAGCCTATAAAGTTGCCA
DQ878816.6259-30829,RT,ABC-105 AZT-105 D4T-105 DDI-100 FTC-140 LMV-140 TDF-50,ABC-90 AZT-115 D4T-115 DDI-90 FTC-80 LMV-80 TDF-60,"K175R:AGA,M196L:CTG,K198Q:CAG,E199D:GAT,D222N:AAT,V273I:ATT,D278E:GAG,M339IMV:RTR,G351R:AGG,H363Y:TAT,L365W:TGG,R366K:AAG,T370Y:TAC,V400K:AAG,A427P:CCA,K436R:AGA,E452K:AAA,G488E:GAG,Q489H:CAT,N503I:ATT,G514S:AGT,S534G:GGC,T541V:GTT,K545R:AGA,A555T:ACT",CCTATTAGTCCTATTGAAACTGTACCAGTAAAATTGAAGCCAGGAATGGATGGCCCAAGAGTTAAACAATGGCCATTGACAGAAGAAAAAATAAAGGCATTAGTAGAAATCTGTACAGAACTGGAACAGGATGGGAAAATTTCAAAAATTGGGCCTGAAAAYCCATATAATACTCCAGTATTTGCCATAAAGAAAAAGAATAGTACTAAATGGAGAAAATTAGTAGATTTCAGAGAACTTAATAAGAGAACTCAAGACTTCTGGGAAGTTCAATTAGGAATACCACACCCCGCAGGGTTAAAAAAGAAAAAATCAGTAACAGTACTGGATGTGGGTGATGCATACTTTTCAATTCCCTTAGATAAAGAGTTCAGGAAGTATACTGCATTTACTATACCTAGTATAAACAATGAGACACCAGGGATTAGATACCAGTACAATGTGCTTCCACAGGGATGGAAAGGATCACCAGCAATATTCCAAAGCAGCATGACAAAAATCTTAGAGCCTTTTAGAAAACAAAATCCAGACATAGTTATCTATCAATACRTRGATGATTTGTATGTGGGATCTGACTTAGAAATAAGGCAGCATAGAACAAAAATAGAAGAACTGAGACAATATCTGTGGAAGTGGGGATTTTACACACCAGATAAAAAACATCAGAAAGAACCTCCATTCCTTTGGATGGGTTATGAACTCCATCCTGATAAATGGACAGTACAGCCTATAAAGCTGCCAGAAAAAGACAGCTGGACTGTCAATGACATACAGAAGTTAGTGGGAAAATTGAACTGGGCAAGTCAGATTTACCCAGGGATTAAAGTAAAGCAATTATGTAGACTCCTTAGGGGAACCAAGGCACTAACAGAAGTAATACCACTAACAAAAGAAGCAGAGTTAGAACTGGCAGAAAATAGGGAAATTCTAAAAGAACCAGTACATGGGGTGTATTATGAYCCATCAAAAGACTTAATAGCAGAAATACAGAAGCAGGAGCATGGCCAATGGACATATCAAATTTATCAGGAGCCATTTAAAATTCTGAAAACAGGAAAATATGCAAGAATGAGGAGTGCCCACACTAATGATGTAAAACAATTAACAGAGGCAGTGCAAAAAATAGCCACAGAAGGCATAGTAATATGGGGAAAGGTTCCTAAATTTAGACTACCCATACAAAAAGAAACATGGGAAACT
KJ176313.10ZAKS031,RT,EFV-165 ETR-90 NVP-215 RPV-120,EFV-155 ETR-80 NVP-205 RPV-110,"K175R:AGG,V190T:ACA,T194E:GAA,V215I:ATA,K220KR:ARG,D222ND:RAT,V261MV:RTG,K277E:GAA,D278N:AAC,I290T:ACR,E293A:GCA,T320I:ATA,V334ED:GAK,Y336YC:TRT,M339IM:ATR,G345A:GCA,T355A:GCA,E359Q:CAG,Q362E:GAA,R366K:AAA,F369L:CTT,H376HY:YAT,V400Q:CAG,E403D:GAC,A427P:CCA,K432R:AGA,Q433H:CAC,T441A:GCC,E446D:GAC,V447I:ATA,I448V:GTA,D479E:GAG,I484L:CTA,K486R:AGA,Q487R:CGG",CCAATCAGTCCTATTGAAACTGTACCTGTAAAATTAAAGCCAGGGATGGATGGGCCAAGGGTTAAACAATGGCCATTAACAGAAGAAAAGATAAAAGCATTAACAGAAATTTGTGAAGAAATGGAGAAGGAAGGAAAAATTTCAAAAATTGGGCCTGAAAATCCATATAACACTCCAATATTTGCCATAAAAARGAAGRATAGCACTAARTGGAGAAAATTAGTAGATTTCAGGGAACTCAATAAAAGAACTCAAGACTTCTGGGAAGTGCAATTAGGAATACCACACCCAGCAGGGTTAAAAAAGAAAAAATCARTGACAGTGYTRGATGTGGGGGATGCATATTTTTCAGTACCATTAGATGAAAACTTCAGGAARTATACTGCATTCACCATACCTAGTACRAACAATGCAACACCAGGAATTAGATATCAATATAATGTGCTTCCACAGGGATGGAAGGGATCACCAGCAATATTCCAGAGTAGCATGATAAAAATCTTAGAGCCCTTTAGGAAACAAAACCCAGACATAGAKATCTRTCAATATATRGATGACCTGTATGTAGCATCTGACTTAGAAATAGGGCAACACAGAGCAAAAATAGAACAGTTAAGAGAACATTTATTGAAATGGGGACTTACCACACCAGATAAAAAGYATCAGAAAGAACCCCCATTTCTTTGGATGGGGTATGAACTCCATCCTGACAAGTGGACAGTACAGCCTATACAGCTGCCAGACAAGGATAGCTGGACTGTCAATGATATACAGAAGTTAGTGGGAAAATTAAACTGGGCAAGTCAGATTTACCCAGGGATTAAAGTAAGACACCTGTGTAAACTCCTTAGGGGAGCCAAAGCACTAACAGACATAGTACCACTRACTGAAGAAGCAGARYTAGAATTRGCAGAGAACAGGGAGATTCTAAAAGAACCAGTACATGGGGTATATTATGACCCATCAAAAGAGTTAATAGCTGAACTACAAAGACGG
KC423668.11.ZA.GT1896,RT,ABC-75 AZT-105 D4T-100 DDI-95 TDF-30,ABC-65 AZT-75 D4T-70 DDI-80 TDF-20,"K177KR:ARA,T194E:GAA,V215I:ATA,D222NS:ARC,T224ND:RAT,K225R:AGG,I249L:TTA,K256Q:CAA,V261M:ATG,K277E:GAA,D278S:AGC,T294R:AGA,K328A:GCA,Q329K:AAG,D332E:GAA,V334I:ATC,M339V:GTG,Y343C:TGT,G345A:GCA,T355A:GCA,I357V:GTA,Q362E:GAA,R366K:AAG,T370IV:RTT,K374Q:CAG,P398T:ACT,V400Q:CAG",CCAATTAGTCCCATTGAAACTGTACCYGTAAAACTGAAGCCAGGAATGGATGGCCCAAAGGTTARACAATGGCCATTGACAGAAGAAAAAATAAAAGCATTAGTAGAAATTTGTGAAGAAATGGARAAGGAAGGAAAAATTTCAAAAATTGGGCCTGAAAATCCATATAACACTCCAATATTTGCCATAAAAAAGAAGARCAGTRATAGGTGGAGAAAATTAGTAGATTTCAGGGAACTCAATAAAAGAACTCAAGACTTTTGGGAGGTTCAATTAGGATTACCACACCCAGCAGGGTTACAAAAGAAAAAATCAATGACAGTACTAGATGTGGGGGATGCATATTTTTCAGTTCCTTTAGATGAAAGCTTCAGGAAATATACTGCATTCACCATACCTAGTATAAACAATGAAAGACCAGGGATTAGATATCAGTATAACGTGCTTCCACAAGGATGGAAAGGGTCACCAGCAATATTCCAAAGTAGCATGACAAAAATCTTAGAGCCCTTTAGAGCAAAGAATCCAGAAATAATCATCTATCAATATGTGGATGACTTGTGTGTAGCATCTGACTTAGAAATAGGGCAACATAGAGCAAAAGTAGAAGAGTTAAGAGAACATCTATTGAAGTGGGGATTTRTTACACCAGACCAGAAACATCAGAAAGAACCCCCATTTCTTTGGATGGGGTATGAACTCCATCCTGACAAGTGGACAGTACAGACTATACAGCTGCCAGAAAAGGATAGCTGGACTGTCAATGACATACAG
GU581804.06941A,RT,D4T-210 DDI-195,D4T-150 DDI-165,"M196L:TTG,K204R:AGA,L229VL:KTA,V230TMAV:RYG,R238K:AAA,M339V:GTG,L365WL:TKG,T370Y:TAC,E379D:GAC,V400E:GAR,E446D:GAT,M512T:ACA,A515V:GTC,A531V:GTC,T541A:GCT,K545R:AGA,A555S:TCA",CCCATTAGTCCTATTGAAACTGTACCAGTAAAATTAAAGCCAGGAATGGATGGCCCAAAAGTTAAACAATGGCCATTGACAGAAGAAAAAATAAAAGCATTAGTAGAGATTTGTACAGAATTGGAAAAGGAAGGAAAAATTTCAAGAATTGGGCCTGAAAATCCATATAATACTCCAGTATTTGCCATAAAGAAAAAGGACAGTACTAAATGGAGAAAAKTARYGGATTTCAGAGAACTTAATAAGAAAACTCAAGACTTCTGGGAAGTYCAATTAGGAATACCMCATCCTGCAGGATTAAAAAAGAAAAAATCAGTGACAGTACTGGATGTGGGTGATGCATATTTCTCAGTTCCATTAGATAAAGACTTCAGGAAGTATACTGCATTTACCATACCTAGTATAAACAATGAGACACCAGGGATTAGATATCAGTACAATGTGCTTCCACAGGGATGGAAAGGATCACCAGCAATATTCCAAAGTAGCATGACAAAAATCTTAGAGCCTTTTAGAAAACAAAATCCAGACATAGTTATCTATCAATATGTGGATGATTTGTATGTAGGGTCTGACTTAGAAATAGGGCAGCATAGAACAAAAATAGAGGAACTGAGACAGCATCTGTKGAGATGGGGATTTTACACACCAGACAAAAAACATCAGAAAGACCCTCCATTCCTTTGGATGGGGTATGAACTCCATCCYGATAAATGGACAGTACAGCCTATAGARCTGCCAGAAAAGGACAGCTGGACTGTCAATGACATACAAAAGTTAGTGGGAAAATTGAATTGGGCAAGTCAGATTTATGCAGGMATTAAGGTAAAGCAATTATGTAAACTCCTTAGGGGAACTAAAGCACTAACAGATGTGATACCACTAACAGAAGAGGCAGAGCTAGAACTGGCAGAAAATAGGGAAATTCTAAAAGAACCAGTACATGGAGTGTATTATGACCCATCAAAAGACTTAATAGCAGAAATACAGAAGCAGGGGCAAGGCCAATGGACATATCAAATTTATCAAGAGCCATTTAAAAATCTGAAAACAGGAAAATATGCAAGAACAAGGGGTGTCCACACTAATGATGTAAAACAATTAACAGAGGCAGTGCAAAAAATAGTCACAGAAAGCATAGTAATATGGGGAAAGGCTCCTAAATTTAGACTACCCATACAAAAAGAAACATGGGAATCA
EF368640.PRRT_1330,RT,ABC-55 AZT-85 D4T-95 DDI-130 TDF-25,ABC-45 AZT-45 D4T-55 DDI-110 TDF-15,"V215I:ATA,D222N:AAC,T224D:GAT,L229V:GTG,D241E:GAA,K258R:AGA,K277KE:RAA,D278E:GAA,D332E:GAA,Y336C:TGT,G351E:GAR,F369L:CTT,T370TIAV:RYC,D373DE:GAS,K374Q:CAA,V400K:AAG,A427P:CCA,K432R:AGG,I448IV:RTC,Q489QL:CWA,K545R:AGA,A555T:ACA",CCCATTAGTCCTATTGAAACTGTACCAGTAAAATTAAAGCCAGGAATGGATGGCCCAAAGGTTAAACAATGGCCATTGACAGAAGARAAAATAAAAGCATTAGTAGAAATTTGTACAGAAATGGAAAAGGAAGGAAAAATTTCAAAAATTGGGCCTGAAAATCCATACAATACTCCAATATTTGCCATAAAGAAAAAGAACAGTGATAAATGGAGAAAAGTGGTAGATTTCAGAGAACTTAATAAGAGAACTCAAGAATTCTGGGAAGTTCAATTAGGAATACCGCATCCTGCAGGGTTGAAAAAGAGAAAATCAGTAACAGTACTGGATGTGGGTGATGCATATTTTTCAGTKCCCTTAGATRAAGAATTCAGGAAGTATACTGCATTTACTATACCTAGTATAAACAATGAGACACCAGGGATTAGATATCAGTAYAATGTGCTTCCACAGGGATGGAAAGGATCACCAGCAATATTCCAAAGTAGCATGACAAAAATCTTAGAGCCTTTTAGAAAACAGAATCCAGAAATAGTCATCTGTCAATACATGGATGATTTGTATGTAGGATCTGACTTAGAAATAGARCAGCATAGAACAAAAATAGAGGAACTGAGACAACATCTGTTGAGGTGGGGACTTRYCACACCAGASCAAAAGCATCAGAAAGAACCTCCATTCCTTTGGATGGGTTATGAACTCCATCCTGATAAATGGACAGTRCAGCCTATAAAGCTGCCAGAAAAAGACAGCTGGACTGTCAATGACATACAGAAGTTAGTGGGAAAATTAAATTGGGCAAGTCAGATCTACCCAGGGATTAAAGTAAGGCAATTATGTAAACTCCTTAGGGGAACCAAAGCACTAACAGAAGTARTCCCACTAACAGAAGAAGCAGARCTAGAACTGGCAGAAAACAGGGAAATTCTAAAAGAACCAGTACATGGAGTGTATTATGACCCGTCAAAAGACTTAATAGCAGAAATACAGAAGCAAGGGCWAGGCCAGTGGACATATCAAATTTATCAAGAGCCATTTAAGAATCTGAAAACAGGAAAATATGCAAGAATGAGGGGTGCCCACACTAATGATGTAAAACAATTAACAGAGGCAGTGCAAAAAATAGCTACAGAAAGCATAGTAATATGGGGAAAGACTCCTAAATTTAGACTACCCATACAAAAAGAAACATGGGAAACA
KR823837.SZ11S0039,RT,EFV-20 ETR-20 NVP-20 RPV-20,EFV-10 ETR-10 NVP-10 RPV-10,"E161D:GAC,K166T:ACA,V190T:ACA,T194K:AAA,K198E:GAG,K277KE:RAA,D278NS:ARC,I290TR:ASA,S317SC:WGT,E324ED:GAK,F326YF:TWT,K328KR:ARA,I333IM:ATR,V334EDV:GWW,Q362KE:RAR,R366K:AAG,F369L:CTT,K393KR:ARA,V400EDA:GMW",CCAATTAGTCCTATTGACACTGTACCAGTAACATTAAAGCCAGGAATGGATGGACCAAAGGTTAAACAGTGGCCATTGACAGAAGAAAAAATAAAAGCRTTAACAGAAATTTGTAAAGARATGGAAGAGGAAGGAAAAATCTCAAAAATTGGGCCTGAAAATCCATACAATACTCCAGTATTTGCTATAAAGAAAAARGACAGCACCAAATGGAGGAAATTAGTAGAYTTCAGAGAGCTCAATAAAAGRACTCAGGACTTTTGGGAAGTTCARTTAGGAATACCRCATCCAGCAGGWTTAAAAAAGAAAAAATCAGTRACAGTACTAGATGTRGGAGATGCATATTTYTCAGTTCCTTTAGATRAAARCTTTAGAAAGTATACTGCATTCACCATACCTAGTASAAACAATGAGACACCAGGAATYAGATATCARTACAATGTGCTWCCACARGGATGGAAAGGATCWCCRGCAATATTCCARWGTAGCATGACAAAAATCTTAGAKCCYTWTAGAARACAAAATCCAGACATRGWWATCTATCAATAYATGGATGATTTGTATGTAGGATCTGAYTTAGAAATAGGGCAGCAYAGAACAAAAATAGAGGAGCTRAGARARCATTTGTTGAAGTGGGGACTTACCACACCAGACAAGAAACATCARAAAGAACCYCCATTYCTTTGGATGGGWTATGAACTCCATCCKGAYARATGGACAGTACAGCCTATAGMWCTGCCAGAAAARGAYAGCTGGACTGTCAATGACATACAAAAGTTAGTAGGAAAATTAAATTGGGCAAGTCAAATTTATGCAGGG
AY365490.93866,RT,ABC-70 AZT-85 D4T-70 DDI-55 TDF-25,ABC-65 AZT-75 D4T-60 DDI-50 TDF-20,"V190T:ACA,K204R:AGA,D222NT:AMC,K225R:AGA,K258N:AAC,Y282YS:TMC,Y336C:TGT,M339V:GTG,T370I:ATC,K374E:GAA,A427P:CCA,T441P:CCC,T445TP:MCA,I448V:GTA,T451TP:MCA,E452K:AAA,E455D:GAC,E457ED:GAM,N461NT:AMC,I464IF:WTT,E467D:GAC,K486KN:AAM,Q489H:CAC,T506TP:MCA,Q549L:CTA,E554D:GAT,A555T:ACA",CCCATAAGTCCTATTGAAACTGTACCAGTAAAATTAAAGCCAGGAATGGATGGCCCAAAAGTTAAACAATGGCCATTGACAGAAGAAAAAATAAAAGCATTAACAGAAATATGTACAGAAATGGAAAAAGAAGGAAAGATTTCAAGAATTGGGCCTGAAAATCCATACAATACTCCAGTATTTGCCATAAAGAAAAAGAMCAGTACTAGATGGAGGAAATTAGTAGATTTCAGAGAACTTAATAAAAGAACTCAAGATTTTTGGGAGGTTCAATTAGGAATACCACATCCTGCAGGGTTAAAAAAGAACAAATCAGTAACAGTTCTGGATGTGGGGGATGCATATTTTTCAGTCCCCTTAGATAAGGATTTCAGGAAGTMCACTGCATTCACCATACCTAGTATCAACAATGAGACACCAGGGATTAGGTACCAGTATAATGTGCTTCCACAGGGATGGAAAGGATCACCAGCAATATTCCAAAGCAGCATGACAAAAATCCTAGAGCCTTTTAGAAAACAAAATCCAGACATAGTCATTTGTCAATACGTGGATGACTTGTATGTAGGATCTGACCTAGAAATAGGGCAGCACAGAACAAAAATAGAGGAACTGAGACAACATCTGTTGAGGTGGGGATTTATCACACCAGATGAAAAACATCAGAAAGAACCTCCATTCCTTTGGATGGGTTATGAACTCCATCCTGATAAATGGACAGTGCAGCCTATAGTGCTGCCAGAAAAAGACAGCTGGACTGTTAATGACATACAGAAGTTAGTGGGAAAATTAAATTGGGCAAGTCAGATTTACCCAGGGATTAAAGTAAAGCAATTATGTAAACTCCTTAGGGGACCCAAGGCACTAMCAGAAGTAGTACCACTAMCAAAAGAAGCAGACCTAGAMCTGGCAGAAAMCAGGGAAWTTCTAAAAGACCCAGTMCATGGAGTGTATTATGACCCATCAAAAGACTTAATAGCAGAAATMCAAAAMCAGGGGCACGGCCAGTGGACATATCAAATTTACCAAGAGCCATTTAAAAATCTGAAAMCAGGAAAATATGCAAGAATGAGGGGTGCCCACACTAATGATGTAAAACAATTAACAGAGGCAGTGCAAAAAATAGCCACAGAAAGCATAGTAATATGGGGAAAAACTCCTAAATTTAAACTGCCCATACTAAAGGAAACATGGGATACA
AY798148.CA41352,PR,ATV-85 FPV-140 IDV-110 LPV-110 NFV-135 SQV-85 TPV-15,ATV-70 FPV-130 IDV-100 LPV-95 NFV-115 SQV-70 TPV-25,"L66F:TTC,T68PS:YCA,K70KR:ARG,I71V:GTA,L80I:ATA,R97KR:ARA,M102L:TTA,I110LV:STC,L119P:CCC,I120V:GTA,V138A:GCC",CCTCAAATCACTCTTTGGCAACGACCCTTCGTCYCAATAARGGTAGGGGGGCAACTAAAGGAAGCTCTAATAGATACAGGAGCAGATGATACAGTATTAGAAGAAATGAATTTGCCAGGAARATGGAAACCAAAATTAATAGGGGGAATTGGAGGTTTTSTCAAAGTAAGACAGTATGATCAGATACCCGTAGAAATTTGTGGACATAAAGCTATAGGTACAGTATTAGTAGGACCTACACCTGCCAACATAATTGGAAGAAATCTGTTGACTCAGATTGGTTGCACTYTAAATTTT
KT746076.RenG15048,PR,ATV-125 FPV-65 IDV-110 LPV-105 NFV-150 SQV-140 TPV-95,ATV-95 FPV-45 IDV-80 LPV-75 NFV-110 SQV-110 TPV-55,"L66I:ATC,I71V:GTA,K76R:AGG,L80IL:WTA,E91D:GAY,M92I:ATA,R97K:AAA,K99T:ACA,G104M:ATG,F109IV:RTT,I110TIAV:RYC,D116E:GAG,Q117N:AAC,I118IV:RTA,L119P:CCC,T130TA:RCA,V138S:TCC,I141IV:RTT",CCTCAGATCACTCTTTGGCAACGACCCATCGTCACAATAAAAGTAGGRGGACAGCTAAGGGAAGCTCTAWTAGATACAGGAGCAGATGATACAGTATTAGAAGAYATAAATTTRCCAGGAAAATGGACACCAAAAATGATAATGGGAATTGGAGGTRTTRYCAAAGTAAGACAGTATGAGAACRTACCCATAGAAATTTGTGGACACAAGGCTATAGGTRCAGTATTAGTAGGACCTACACCTTCCAATATARTTGGAAGAAATCTCTTGACTCAGATTGGCTGYACTTTAAATTTT
DQ878977.7139-30730,PR,ATV-170 FPV-255 IDV-190 LPV-160 NFV-280 SQV-140 TPV-55,ATV-160 FPV-245 IDV-180 LPV-155 NFV-260 SQV-135 TPV-50,"L66I:ATT,K76R:AGG,V88I:ATA,L89F:TTC,E91D:GAC,M92I:ATA,N93D:GAT,K99T:ACA,M102IV:RTA,I103V:GTA,I110L:CTC,I118V:GTA,L119P:CCC,A127V:GTT,V138AV:GYC,I141V:GTT,L146M:ATG,Q148K:AAG",CCTCAGATCACTCTTTGGCAACGACCCATTGTCACAATAAAGATAGGAGGGCAACTAAGGGAAGCTCTATTAGATACAGGAGCAGATGATACAATATTCGAAGACATAGATTTGCCAGGAAGATGGACACCAAAARTAGTAGGGGGAATTGGAGGTTTTCTCAAAGTAAGACAGTATGATCAGGTACCCATAGAAATCTGTGGACATAAAGTTATAGGTACAGTGTTAGTGGGACCTACACCTGYCAACATAGTTGGCAGAAACCTGATGACCAAGATTGGTTGCACTTTAAATTTT
